country,1975,1976,1977,1978,1979,1980,1981,1982,1983,1984,1985,1986,1987,1988,1989,1990,1991,1992,1993,1994,1995,1996,1997,1998,1999,2000,2001,2002,2003,2004,2005,2006,2007,2008,2009,2010,2011,2012,2013,2014,2015,2016,2017,2018
Afghanistan,0.406,0.406,0.395,0.353,0.211,0.251,0.245,0.246,0.248,0.249,0.249,0.246,0.25,0.25,0.251,0.245,0.242,0.253,0.256,0.257,0.228,0.0488,0.043,0.0456,0.0442,0.0466,0.177,0.607,0.623,0.624,0.637,0.648,0.635,0.633,0.636,0.613,0.611,0.61,0.671,0.655,0.716,0.633,0.637,0.668
Albania,0.105,0.1,0.104,0.105,0.104,0.107,0.108,0.105,0.104,0.106,0.104,0.106,0.108,0.146,0.149,0.284,0.455,0.528,0.536,0.51,0.495,0.498,0.499,0.567,0.589,0.579,0.597,0.596,0.605,0.65,0.686,0.684,0.652,0.648,0.635,0.634,0.633,0.635,0.471,0.49,0.509,0.494,0.522,0.528
Algeria,0.305,0.304,0.304,0.306,0.3,0.299,0.302,0.302,0.303,0.302,0.302,0.305,0.302,0.302,0.424,0.528,0.525,0.505,0.459,0.461,0.463,0.459,0.46,0.464,0.436,0.422,0.423,0.419,0.422,0.426,0.421,0.427,0.431,0.421,0.427,0.429,0.427,0.374,0.388,0.4,0.401,0.411,0.427,0.441
Angola,0.103,0.105,0.105,0.1,0.102,0.103,0.101,0.102,0.103,0.105,0.105,0.105,0.101,0.103,0.101,0.101,0.227,0.393,0.41,0.412,0.411,0.408,0.412,0.411,0.41,0.414,0.411,0.379,0.428,0.427,0.425,0.424,0.418,0.418,0.424,0.435,0.434,0.437,0.331,0.331,0.328,0.338,0.324,0.439
Argentina,0.74,0.303,0.284,0.281,0.286,0.285,0.283,0.282,0.354,0.8,0.802,0.8,0.799,0.805,0.803,0.786,0.804,0.804,0.8,0.804,0.801,0.804,0.802,0.803,0.804,0.803,0.799,0.807,0.757,0.753,0.761,0.771,0.774,0.756,0.761,0.7,0.702,0.693,0.734,0.73,0.743,0.735,0.733,0.684
Armenia,,,,,,,,,,,,,,,,,0.463,0.462,0.462,0.459,0.5,0.51,0.443,0.44,0.44,0.442,0.443,0.456,0.461,0.456,0.45,0.454,0.482,0.48,0.483,0.5,0.527,0.525,0.48,0.484,0.48,0.514,0.543,0.616
Australia,0.876,0.878,0.876,0.875,0.875,0.874,0.876,0.877,0.879,0.875,0.873,0.874,0.873,0.874,0.873,0.877,0.879,0.876,0.876,0.877,0.876,0.798,0.776,0.779,0.778,0.79,0.789,0.788,0.791,0.79,0.792,0.79,0.809,0.839,0.836,0.837,0.839,0.837,0.785,0.779,0.765,0.764,0.764,0.767
Austria,0.802,0.799,0.798,0.808,0.814,0.841,0.841,0.839,0.841,0.853,0.85,0.857,0.852,0.851,0.852,0.864,0.868,0.87,0.867,0.867,0.89,0.856,0.853,0.854,0.854,0.772,0.777,0.774,0.774,0.778,0.777,0.817,0.816,0.821,0.885,0.889,0.891,0.904,0.903,0.906,0.906,0.861,0.856,0.82
Azerbaijan,,,,,,,,,,,,,,,,,0.278,0.284,0.339,0.332,0.309,0.312,0.314,0.313,0.313,0.31,0.314,0.31,0.306,0.306,0.307,0.306,0.307,0.3,0.293,0.277,0.296,0.29,0.234,0.135,0.143,0.179,0.228,0.187
Bahrain,0.242,0.196,0.196,0.193,0.193,0.196,0.191,0.195,0.198,0.196,0.196,0.197,0.198,0.195,0.201,0.199,0.194,0.197,0.195,0.197,0.198,0.198,0.196,0.197,0.222,0.223,0.527,0.547,0.549,0.548,0.548,0.545,0.541,0.545,0.547,0.547,0.327,0.254,0.229,0.225,0.226,0.234,0.229,0.236
Bangladesh,0.329,0.325,0.405,0.401,0.492,0.494,0.455,0.358,0.352,0.397,0.445,0.503,0.505,0.504,0.503,0.49,0.569,0.57,0.569,0.569,0.607,0.609,0.638,0.636,0.636,0.638,0.635,0.605,0.604,0.607,0.607,0.612,0.559,0.556,0.663,0.657,0.686,0.62,0.61,0.595,0.593,0.597,0.582,0.533
Belarus,,,,,,,,,,,,,,,,,0.458,0.54,0.517,0.519,0.456,0.375,0.34,0.347,0.267,0.209,0.193,0.23,0.233,0.228,0.23,0.235,0.229,0.235,0.226,0.23,0.23,0.229,0.224,0.244,0.262,0.323,0.345,0.347
Belgium,0.817,0.822,0.819,0.82,0.82,0.816,0.82,0.823,0.82,0.821,0.82,0.858,0.862,0.86,0.861,0.854,0.854,0.848,0.856,0.852,0.854,0.855,0.852,0.856,0.848,0.856,0.853,0.853,0.852,0.852,0.853,0.851,0.855,0.854,0.85,0.855,0.861,0.865,0.834,0.835,0.835,0.809,0.793,0.798
Benin,0.444,0.439,0.439,0.439,0.444,0.444,0.442,0.444,0.444,0.441,0.441,0.441,0.442,0.442,0.439,0.799,0.801,0.801,0.799,0.799,0.797,0.801,0.788,0.783,0.785,0.789,0.787,0.787,0.785,0.788,0.725,0.726,0.714,0.726,0.725,0.735,0.738,0.733,0.743,0.745,0.831,0.855,0.842,0.815
Bolivia,0.327,0.327,0.328,0.337,0.361,0.352,0.354,0.548,0.703,0.703,0.638,0.541,0.538,0.541,0.542,0.567,0.569,0.57,0.611,0.669,0.673,0.675,0.669,0.664,0.661,0.706,0.701,0.705,0.747,0.749,0.772,0.836,0.889,0.888,0.887,0.824,0.826,0.764,0.764,0.778,0.705,0.699,0.71,0.713
Bosnia and Herzegovina,,,,,,,,,,,,,,,,,,0.498,0.495,0.495,0.5,0.581,0.589,0.589,0.587,0.609,0.609,0.605,0.61,0.609,0.595,0.593,0.584,0.581,0.579,0.586,0.576,0.583,0.562,0.563,0.549,0.573,0.593,0.572
Botswana,0.64,0.638,0.638,0.637,0.638,0.639,0.637,0.639,0.64,0.636,0.641,0.643,0.642,0.648,0.647,0.652,0.645,0.646,0.649,0.65,0.644,0.642,0.642,0.651,0.652,0.65,0.65,0.649,0.651,0.653,0.652,0.652,0.648,0.643,0.656,0.652,0.652,0.644,0.615,0.611,0.614,0.617,0.61,0.699
Brazil,0.294,0.298,0.292,0.294,0.297,0.347,0.35,0.355,0.354,0.377,0.529,0.592,0.614,0.667,0.668,0.672,0.67,0.69,0.688,0.7,0.692,0.733,0.731,0.755,0.754,0.754,0.753,0.815,0.871,0.878,0.889,0.89,0.889,0.862,0.861,0.858,0.842,0.834,0.825,0.812,0.814,0.642,0.561,0.552
Bulgaria,0.095,0.0975,0.0929,0.093,0.0932,0.0974,0.0963,0.0966,0.0903,0.0974,0.0968,0.0984,0.0993,0.0978,0.0952,0.696,0.698,0.7,0.666,0.667,0.668,0.67,0.699,0.687,0.667,0.669,0.664,0.665,0.667,0.664,0.666,0.663,0.665,0.665,0.686,0.704,0.709,0.673,0.691,0.704,0.673,0.678,0.634,0.693
Burkina Faso,0.528,0.526,0.526,0.387,0.387,0.459,0.457,0.453,0.415,0.417,0.414,0.414,0.456,0.496,0.497,0.468,0.546,0.607,0.607,0.603,0.603,0.603,0.604,0.603,0.605,0.673,0.674,0.678,0.674,0.676,0.673,0.671,0.671,0.678,0.67,0.687,0.686,0.651,0.748,0.754,0.814,0.863,0.83,0.842
Burundi,0.363,0.386,0.402,0.399,0.405,0.403,0.403,0.402,0.4,0.402,0.4,0.401,0.399,0.401,0.473,0.481,0.508,0.574,0.635,0.602,0.601,0.591,0.587,0.585,0.585,0.604,0.605,0.602,0.618,0.644,0.585,0.571,0.571,0.573,0.57,0.567,0.567,0.566,0.52,0.507,0.453,0.332,0.359,0.279
Cambodia,0.0424,0.0175,0.0134,0.0188,0.0143,0.24,0.244,0.243,0.242,0.246,0.243,0.244,0.241,0.244,0.244,0.26,0.256,0.398,0.547,0.531,0.523,0.525,0.512,0.504,0.515,0.517,0.519,0.52,0.447,0.445,0.448,0.45,0.446,0.447,0.441,0.447,0.448,0.443,0.433,0.435,0.434,0.377,0.381,0.389
Cameroon,0.186,0.183,0.186,0.184,0.186,0.189,0.184,0.226,0.227,0.313,0.315,0.319,0.317,0.317,0.32,0.462,0.461,0.469,0.49,0.498,0.494,0.494,0.495,0.494,0.556,0.553,0.556,0.553,0.555,0.554,0.554,0.558,0.554,0.553,0.569,0.559,0.579,0.58,0.547,0.546,0.549,0.539,0.492,0.533
Canada,0.764,0.766,0.793,0.788,0.802,0.822,0.82,0.825,0.825,0.821,0.824,0.825,0.827,0.825,0.826,0.825,0.824,0.825,0.825,0.826,0.827,0.826,0.813,0.812,0.813,0.829,0.833,0.829,0.827,0.811,0.817,0.797,0.776,0.775,0.777,0.774,0.773,0.774,0.744,0.742,0.768,0.799,0.841,0.841
Central African Republic,0.161,0.137,0.0907,0.0884,0.0907,0.478,0.488,0.356,0.353,0.355,0.353,0.357,0.358,0.357,0.354,0.438,0.436,0.555,0.521,0.52,0.524,0.523,0.554,0.555,0.52,0.517,0.519,0.517,0.552,0.501,0.548,0.553,0.549,0.59,0.544,0.541,0.543,0.542,0.371,0.46,0.55,0.578,0.523,0.509
Chad,0.253,0.256,0.255,0.258,0.256,0.251,0.258,0.226,0.225,0.229,0.226,0.232,0.226,0.228,0.228,0.26,0.367,0.374,0.373,0.377,0.377,0.373,0.375,0.38,0.377,0.363,0.361,0.361,0.366,0.361,0.362,0.36,0.361,0.363,0.364,0.353,0.377,0.377,0.393,0.392,0.398,0.4,0.461,0.457
Chile,0.112,0.113,0.11,0.152,0.138,0.156,0.135,0.136,0.149,0.153,0.145,0.151,0.146,0.183,0.193,0.58,0.593,0.588,0.591,0.605,0.602,0.636,0.634,0.634,0.633,0.679,0.681,0.686,0.68,0.684,0.659,0.69,0.69,0.689,0.691,0.682,0.709,0.704,0.664,0.725,0.742,0.744,0.724,0.691
China,0.0348,0.0429,0.0888,0.112,0.238,0.32,0.321,0.323,0.32,0.323,0.32,0.333,0.35,0.347,0.329,0.29,0.302,0.343,0.351,0.35,0.354,0.363,0.363,0.359,0.366,0.392,0.401,0.422,0.433,0.445,0.456,0.464,0.472,0.476,0.467,0.452,0.452,0.426,0.425,0.426,0.381,0.378,0.408,0.391
Colombia,0.449,0.445,0.45,0.408,0.407,0.444,0.444,0.485,0.482,0.486,0.484,0.483,0.533,0.534,0.564,0.563,0.656,0.583,0.58,0.584,0.582,0.583,0.581,0.584,0.586,0.585,0.581,0.515,0.5,0.498,0.549,0.546,0.55,0.555,0.557,0.625,0.635,0.635,0.656,0.657,0.69,0.75,0.697,0.644
"Congo, Dem. Rep.",0.298,0.301,0.302,0.297,0.298,0.296,0.298,0.298,0.3,0.298,0.298,0.295,0.302,0.3,0.301,0.312,0.356,0.391,0.386,0.389,0.39,0.39,0.351,0.443,0.441,0.421,0.436,0.434,0.421,0.419,0.426,0.439,0.43,0.426,0.425,0.461,0.456,0.465,0.403,0.391,0.383,0.41,0.404,0.417
"Congo, Rep.",0.268,0.266,0.265,0.284,0.289,0.281,0.287,0.284,0.284,0.283,0.282,0.289,0.288,0.287,0.285,0.632,0.636,0.664,0.71,0.708,0.71,0.708,0.489,0.446,0.441,0.456,0.455,0.483,0.482,0.483,0.479,0.484,0.485,0.484,0.483,0.48,0.48,0.483,0.514,0.513,0.512,0.521,0.483,0.534
Costa Rica,0.789,0.786,0.788,0.787,0.836,0.837,0.832,0.834,0.836,0.834,0.833,0.866,0.87,0.865,0.868,0.883,0.882,0.885,0.887,0.883,0.885,0.884,0.883,0.887,0.886,0.897,0.896,0.871,0.874,0.877,0.874,0.873,0.88,0.848,0.852,0.846,0.85,0.846,0.861,0.862,0.854,0.842,0.841,0.835
Cote d'Ivoire,0.223,0.25,0.249,0.252,0.244,0.247,0.26,0.26,0.261,0.262,0.309,0.363,0.365,0.362,0.304,0.383,0.389,0.394,0.392,0.436,0.45,0.51,0.51,0.509,0.522,0.593,0.606,0.564,0.569,0.58,0.58,0.586,0.58,0.583,0.583,0.578,0.604,0.612,0.657,0.664,0.664,0.66,0.726,0.744
Croatia,,,,,,,,,,,,,,,,,0.415,0.414,0.42,0.423,0.419,0.432,0.468,0.468,0.467,0.615,0.65,0.651,0.65,0.638,0.636,0.64,0.64,0.639,0.66,0.693,0.701,0.704,0.748,0.739,0.711,0.636,0.62,0.615
Cuba,0.168,0.216,0.211,0.216,0.216,0.219,0.22,0.217,0.217,0.218,0.219,0.216,0.216,0.215,0.217,0.159,0.162,0.166,0.158,0.157,0.16,0.157,0.159,0.156,0.16,0.161,0.158,0.162,0.159,0.156,0.159,0.159,0.21,0.207,0.206,0.209,0.206,0.179,0.16,0.16,0.16,0.168,0.172,0.227
Cyprus,0.555,0.564,0.564,0.561,0.573,0.605,0.606,0.603,0.604,0.607,0.608,0.603,0.605,0.605,0.602,0.666,0.669,0.669,0.667,0.672,0.671,0.668,0.67,0.666,0.678,0.72,0.714,0.721,0.719,0.717,0.753,0.752,0.751,0.75,0.751,0.752,0.763,0.771,0.803,0.804,0.779,0.78,0.747,0.736
Czech Republic,0.153,0.155,0.152,0.149,0.15,0.167,0.164,0.168,0.16,0.165,0.166,0.164,0.199,0.192,0.23,0.686,0.67,0.674,0.664,0.663,0.666,0.664,0.671,0.672,0.673,0.664,0.662,0.665,0.664,0.664,0.661,0.663,0.659,0.663,0.661,0.677,0.672,0.671,0.692,0.694,0.696,0.696,0.705,0.661
Denmark,0.931,0.93,0.927,0.929,0.929,0.954,0.956,0.953,0.956,0.953,0.952,0.954,0.953,0.953,0.953,0.953,0.954,0.955,0.956,0.955,0.952,0.951,0.951,0.952,0.956,0.954,0.959,0.955,0.955,0.951,0.955,0.959,0.952,0.956,0.942,0.946,0.959,0.958,0.952,0.953,0.943,0.944,0.939,0.948
Dominican Republic,0.427,0.428,0.42,0.44,0.571,0.64,0.639,0.645,0.644,0.641,0.642,0.638,0.634,0.633,0.639,0.686,0.68,0.684,0.685,0.679,0.683,0.686,0.759,0.762,0.755,0.76,0.76,0.759,0.755,0.759,0.759,0.755,0.763,0.759,0.759,0.756,0.758,0.748,0.715,0.711,0.66,0.663,0.667,0.665
Ecuador,0.269,0.279,0.28,0.282,0.529,0.623,0.625,0.622,0.625,0.496,0.485,0.485,0.48,0.49,0.62,0.621,0.623,0.622,0.619,0.609,0.615,0.61,0.634,0.632,0.599,0.625,0.626,0.6,0.6,0.6,0.615,0.653,0.729,0.717,0.687,0.627,0.618,0.58,0.602,0.59,0.588,0.588,0.657,0.653
Egypt,0.419,0.42,0.441,0.441,0.447,0.4,0.403,0.402,0.401,0.401,0.405,0.405,0.405,0.402,0.401,0.39,0.39,0.391,0.389,0.392,0.392,0.389,0.39,0.379,0.378,0.386,0.386,0.404,0.403,0.395,0.398,0.399,0.4,0.393,0.404,0.403,0.482,0.52,0.349,0.31,0.282,0.283,0.33,0.347
El Salvador,0.274,0.266,0.246,0.244,0.249,0.225,0.227,0.225,0.221,0.226,0.352,0.356,0.356,0.389,0.387,0.384,0.415,0.488,0.534,0.536,0.526,0.541,0.541,0.539,0.542,0.545,0.544,0.538,0.544,0.545,0.548,0.543,0.547,0.547,0.597,0.617,0.621,0.616,0.568,0.555,0.551,0.551,0.528,0.558
Equatorial Guinea,0.0623,0.066,0.0653,0.06,0.193,0.309,0.305,0.31,0.304,0.307,0.305,0.306,0.307,0.31,0.308,0.306,0.305,0.311,0.304,0.308,0.306,0.306,0.309,0.306,0.308,0.304,0.306,0.308,0.308,0.303,0.303,0.306,0.308,0.309,0.312,0.313,0.314,0.318,0.317,0.319,0.323,0.322,0.31,0.316
Eritrea,,,,,,,,,,,,,,,,,,,0.267,0.263,0.265,0.261,0.262,0.267,0.261,0.205,0.208,0.132,0.132,0.13,0.131,0.132,0.13,0.129,0.131,0.13,0.131,0.128,0.107,0.106,0.106,0.119,0.12,0.108
Estonia,,,,,,,,,,,,,,,,,0.688,0.716,0.679,0.67,0.673,0.623,0.622,0.627,0.622,0.692,0.686,0.687,0.695,0.695,0.694,0.715,0.738,0.733,0.733,0.736,0.733,0.762,0.743,0.719,0.721,0.745,0.653,0.785
Eswatini,0.336,0.337,0.334,0.336,0.333,0.334,0.338,0.331,0.337,0.331,0.335,0.338,0.336,0.336,0.333,0.376,0.375,0.371,0.377,0.378,0.406,0.406,0.407,0.405,0.405,0.41,0.408,0.412,0.407,0.41,0.382,0.397,0.398,0.4,0.4,0.414,0.383,0.38,0.406,0.406,0.406,0.402,0.4,0.435
Ethiopia,0.148,0.147,0.148,0.152,0.148,0.15,0.185,0.181,0.187,0.184,0.183,0.184,0.188,0.182,0.185,0.183,0.368,0.412,0.41,0.41,0.41,0.413,0.41,0.41,0.41,0.411,0.412,0.408,0.414,0.409,0.416,0.397,0.392,0.395,0.384,0.392,0.411,0.41,0.403,0.405,0.403,0.377,0.358,0.446
Finland,0.888,0.878,0.883,0.883,0.879,0.882,0.877,0.917,0.916,0.92,0.92,0.923,0.92,0.927,0.923,0.951,0.951,0.962,0.959,0.961,0.96,0.973,0.968,0.966,0.966,0.968,0.967,0.966,0.97,0.97,0.969,0.972,0.968,0.968,0.973,0.969,0.933,0.938,0.95,0.952,0.889,0.887,0.856,0.877
France,0.715,0.716,0.716,0.716,0.717,0.715,0.718,0.757,0.759,0.757,0.76,0.762,0.758,0.758,0.757,0.828,0.826,0.827,0.854,0.823,0.827,0.823,0.825,0.823,0.82,0.828,0.826,0.822,0.825,0.825,0.842,0.825,0.818,0.808,0.806,0.886,0.883,0.887,0.792,0.791,0.787,0.787,0.762,0.783
Gabon,0.262,0.264,0.259,0.266,0.261,0.259,0.264,0.264,0.262,0.264,0.263,0.262,0.261,0.266,0.266,0.412,0.568,0.569,0.568,0.573,0.574,0.571,0.571,0.571,0.571,0.571,0.576,0.568,0.575,0.573,0.57,0.572,0.58,0.579,0.634,0.722,0.721,0.703,0.729,0.728,0.728,0.78,0.795,0.724
Gambia,0.479,0.477,0.481,0.478,0.476,0.477,0.48,0.477,0.479,0.485,0.479,0.485,0.488,0.489,0.484,0.481,0.485,0.483,0.484,0.394,0.308,0.283,0.287,0.283,0.288,0.367,0.364,0.364,0.36,0.361,0.364,0.363,0.36,0.361,0.361,0.362,0.363,0.364,0.358,0.357,0.358,0.314,0.603,0.622
Georgia,,,,,,,,,,,,,,,,,0.333,0.37,0.396,0.408,0.423,0.423,0.426,0.422,0.422,0.478,0.492,0.478,0.479,0.713,0.669,0.669,0.642,0.654,0.653,0.662,0.669,0.668,0.677,0.678,0.694,0.741,0.739,0.742
Germany,0.938,0.935,0.931,0.933,0.937,0.951,0.952,0.939,0.941,0.95,0.945,0.944,0.94,0.943,0.946,0.987,0.987,0.989,0.991,0.99,0.991,0.985,0.987,0.989,1,0.995,0.996,0.997,0.968,0.966,0.967,0.965,0.97,0.968,0.966,0.963,0.962,0.962,0.933,0.93,0.904,0.905,0.893,0.886
Ghana,0.42,0.421,0.418,0.418,0.403,0.399,0.404,0.411,0.413,0.408,0.408,0.411,0.407,0.412,0.405,0.459,0.489,0.563,0.696,0.769,0.767,0.778,0.781,0.779,0.772,0.804,0.803,0.802,0.819,0.824,0.826,0.823,0.826,0.822,0.827,0.824,0.823,0.799,0.709,0.713,0.685,0.696,0.791,0.818
Greece,0.533,0.603,0.603,0.601,0.605,0.609,0.605,0.605,0.606,0.6,0.603,0.601,0.604,0.675,0.672,0.674,0.676,0.672,0.678,0.675,0.676,0.674,0.678,0.673,0.677,0.7,0.695,0.696,0.696,0.697,0.7,0.696,0.698,0.698,0.704,0.759,0.764,0.762,0.772,0.77,0.763,0.765,0.754,0.752
Guatemala,0.396,0.394,0.37,0.337,0.326,0.307,0.303,0.238,0.172,0.226,0.425,0.511,0.558,0.557,0.562,0.592,0.558,0.569,0.571,0.632,0.63,0.661,0.632,0.636,0.637,0.64,0.637,0.644,0.643,0.643,0.643,0.647,0.64,0.643,0.647,0.635,0.634,0.627,0.628,0.631,0.666,0.653,0.617,0.504
Guinea,0.15,0.146,0.146,0.151,0.149,0.147,0.151,0.147,0.148,0.177,0.34,0.331,0.329,0.331,0.327,0.407,0.574,0.557,0.531,0.524,0.521,0.499,0.551,0.574,0.574,0.523,0.524,0.524,0.523,0.521,0.526,0.553,0.527,0.513,0.47,0.563,0.565,0.567,0.605,0.604,0.614,0.601,0.574,0.588
Guinea-Bissau,0.381,0.38,0.382,0.383,0.382,0.381,0.383,0.345,0.35,0.347,0.349,0.347,0.344,0.351,0.346,0.419,0.416,0.413,0.422,0.451,0.502,0.504,0.503,0.494,0.494,0.5,0.502,0.491,0.469,0.52,0.518,0.505,0.502,0.506,0.507,0.501,0.502,0.5,0.499,0.501,0.528,0.525,0.507,0.504
Haiti,0.188,0.191,0.185,0.191,0.189,0.221,0.222,0.22,0.219,0.221,0.222,0.371,0.466,0.469,0.472,0.473,0.495,0.407,0.357,0.341,0.447,0.523,0.526,0.526,0.523,0.527,0.526,0.527,0.535,0.51,0.5,0.516,0.523,0.522,0.52,0.522,0.521,0.524,0.521,0.524,0.524,0.522,0.52,0.491
Honduras,0.43,0.438,0.438,0.437,0.434,0.465,0.473,0.371,0.449,0.45,0.446,0.466,0.481,0.505,0.527,0.5,0.486,0.483,0.496,0.534,0.562,0.563,0.564,0.559,0.591,0.59,0.591,0.57,0.569,0.567,0.565,0.622,0.631,0.627,0.571,0.581,0.566,0.567,0.629,0.621,0.618,0.622,0.593,0.625
Hungary,0.286,0.288,0.285,0.289,0.288,0.286,0.285,0.284,0.305,0.301,0.303,0.304,0.304,0.381,0.5,0.655,0.654,0.654,0.642,0.641,0.655,0.651,0.653,0.655,0.623,0.605,0.61,0.605,0.605,0.609,0.602,0.596,0.608,0.624,0.621,0.561,0.54,0.545,0.479,0.445,0.485,0.456,0.459,0.456
India,0.465,0.484,0.68,0.715,0.716,0.713,0.728,0.73,0.733,0.731,0.73,0.728,0.725,0.727,0.727,0.752,0.791,0.777,0.778,0.773,0.777,0.778,0.777,0.776,0.795,0.798,0.799,0.799,0.834,0.798,0.809,0.804,0.806,0.802,0.807,0.813,0.82,0.783,0.781,0.737,0.634,0.623,0.61,0.588
Indonesia,0.219,0.22,0.219,0.216,0.221,0.221,0.216,0.221,0.208,0.212,0.207,0.213,0.209,0.213,0.21,0.211,0.208,0.211,0.21,0.214,0.213,0.21,0.211,0.462,0.755,0.752,0.754,0.755,0.754,0.751,0.754,0.75,0.753,0.757,0.771,0.783,0.781,0.782,0.853,0.852,0.856,0.857,0.784,0.801
Iran,0.308,0.311,0.314,0.312,0.44,0.309,0.276,0.277,0.27,0.332,0.334,0.335,0.335,0.338,0.407,0.417,0.419,0.418,0.422,0.415,0.421,0.419,0.483,0.489,0.493,0.528,0.531,0.535,0.535,0.53,0.481,0.39,0.394,0.394,0.42,0.416,0.418,0.427,0.455,0.45,0.456,0.408,0.416,0.39
Iraq,0.167,0.168,0.168,0.168,0.136,0.0389,0.0361,0.0355,0.035,0.0327,0.0369,0.0376,0.0373,0.0341,0.0364,0.0394,0,0.00236,0.00964,0.0088,0.00553,0.00956,0.00707,0.00872,0.0312,0.028,0.03,0.0731,0.343,0.68,0.681,0.681,0.678,0.69,0.69,0.677,0.67,0.682,0.626,0.604,0.613,0.674,0.603,0.709
Ireland,0.599,0.61,0.612,0.613,0.612,0.609,0.612,0.609,0.609,0.609,0.611,0.611,0.655,0.653,0.654,0.653,0.726,0.723,0.727,0.726,0.723,0.73,0.725,0.724,0.727,0.724,0.724,0.724,0.724,0.729,0.728,0.726,0.728,0.735,0.704,0.735,0.755,0.755,0.826,0.821,0.828,0.836,0.837,0.809
Israel,0.65,0.652,0.662,0.671,0.672,0.671,0.669,0.67,0.671,0.667,0.67,0.674,0.653,0.659,0.693,0.697,0.704,0.701,0.702,0.703,0.736,0.738,0.736,0.74,0.737,0.701,0.703,0.647,0.648,0.645,0.65,0.649,0.647,0.649,0.644,0.648,0.645,0.649,0.623,0.627,0.622,0.62,0.631,0.645
Italy,0.758,0.758,0.758,0.757,0.754,0.751,0.753,0.749,0.75,0.748,0.75,0.752,0.749,0.752,0.749,0.788,0.783,0.784,0.814,0.837,0.837,0.832,0.857,0.854,0.851,0.857,0.823,0.803,0.8,0.797,0.799,0.835,0.847,0.846,0.819,0.815,0.803,0.803,0.771,0.761,0.78,0.78,0.76,0.671
Jamaica,0.586,0.587,0.587,0.585,0.585,0.578,0.577,0.577,0.577,0.581,0.575,0.577,0.576,0.579,0.573,0.571,0.572,0.57,0.572,0.569,0.573,0.566,0.572,0.573,0.577,0.603,0.601,0.602,0.603,0.602,0.657,0.653,0.658,0.657,0.656,0.66,0.655,0.666,0.682,0.71,0.715,0.716,0.737,0.822
Japan,0.686,0.689,0.686,0.687,0.685,0.692,0.688,0.69,0.693,0.689,0.69,0.692,0.692,0.689,0.689,0.691,0.69,0.686,0.69,0.679,0.69,0.69,0.688,0.684,0.691,0.688,0.689,0.686,0.688,0.687,0.685,0.688,0.689,0.691,0.69,0.689,0.705,0.7,0.685,0.685,0.685,0.691,0.678,0.679
Jordan,0.391,0.396,0.391,0.395,0.393,0.375,0.371,0.374,0.37,0.37,0.37,0.372,0.372,0.388,0.469,0.495,0.491,0.492,0.493,0.49,0.491,0.493,0.492,0.492,0.508,0.508,0.512,0.507,0.509,0.505,0.507,0.528,0.524,0.529,0.527,0.536,0.553,0.552,0.595,0.588,0.605,0.597,0.592,0.593
Kazakhstan,,,,,,,,,,,,,,,,,0.467,0.497,0.498,0.45,0.449,0.448,0.426,0.414,0.411,0.42,0.422,0.389,0.386,0.425,0.42,0.407,0.421,0.412,0.424,0.401,0.387,0.409,0.432,0.429,0.43,0.432,0.397,0.399
Kenya,0.418,0.419,0.419,0.423,0.424,0.438,0.436,0.433,0.434,0.432,0.438,0.433,0.432,0.433,0.43,0.451,0.459,0.583,0.647,0.641,0.643,0.646,0.647,0.657,0.659,0.663,0.658,0.667,0.697,0.695,0.694,0.695,0.696,0.697,0.701,0.784,0.781,0.779,0.704,0.709,0.708,0.647,0.634,0.58
Kuwait,0.631,0.625,0.605,0.603,0.603,0.58,0.582,0.583,0.584,0.581,0.58,0.578,0.546,0.546,0.543,0.409,0.406,0.627,0.625,0.621,0.621,0.627,0.624,0.628,0.626,0.613,0.611,0.6,0.598,0.597,0.598,0.598,0.597,0.598,0.6,0.604,0.609,0.623,0.633,0.632,0.635,0.634,0.575,0.539
Kyrgyz Republic,,,,,,,,,,,,,,,,,0.33,0.423,0.455,0.458,0.447,0.44,0.443,0.457,0.458,0.484,0.501,0.5,0.487,0.486,0.496,0.497,0.477,0.449,0.45,0.593,0.652,0.645,0.667,0.664,0.655,0.662,0.636,0.629
Lao,0.16,0.0732,0.0799,0.0792,0.0802,0.0791,0.0759,0.0775,0.0793,0.075,0.0751,0.0803,0.0776,0.0784,0.0776,0.0761,0.0781,0.0803,0.0746,0.0741,0.0974,0.098,0.0987,0.139,0.144,0.141,0.143,0.14,0.142,0.141,0.142,0.14,0.141,0.14,0.163,0.246,0.248,0.247,0.215,0.216,0.214,0.215,0.232,0.219
Latvia,,,,,,,,,,,,,,,,,0.668,0.625,0.602,0.619,0.648,0.644,0.644,0.645,0.674,0.674,0.671,0.673,0.672,0.704,0.671,0.671,0.674,0.707,0.741,0.771,0.774,0.767,0.757,0.758,0.757,0.703,0.716,0.709
Lebanon,0.386,0.386,0.39,0.391,0.388,0.39,0.387,0.387,0.395,0.386,0.386,0.391,0.389,0.389,0.388,0.448,0.445,0.485,0.483,0.485,0.483,0.481,0.481,0.484,0.484,0.49,0.483,0.486,0.486,0.49,0.65,0.65,0.642,0.644,0.663,0.639,0.635,0.634,0.635,0.647,0.664,0.644,0.589,0.574
Lesotho,0.247,0.249,0.247,0.247,0.252,0.254,0.253,0.256,0.251,0.257,0.252,0.336,0.401,0.403,0.402,0.449,0.447,0.453,0.588,0.593,0.592,0.592,0.593,0.587,0.588,0.588,0.59,0.588,0.589,0.585,0.59,0.584,0.588,0.589,0.585,0.593,0.59,0.588,0.638,0.637,0.636,0.635,0.64,0.64
Liberia,0.534,0.533,0.529,0.533,0.534,0.445,0.371,0.373,0.373,0.372,0.297,0.35,0.354,0.349,0.349,0.425,0.561,0.558,0.59,0.568,0.573,0.57,0.503,0.5,0.49,0.494,0.488,0.493,0.492,0.66,0.719,0.788,0.774,0.771,0.767,0.774,0.77,0.774,0.751,0.75,0.753,0.752,0.736,0.756
Libya,0.131,0.126,0.129,0.128,0.129,0.127,0.128,0.132,0.127,0.131,0.124,0.124,0.127,0.131,0.131,0.126,0.128,0.127,0.126,0.124,0.173,0.168,0.17,0.168,0.173,0.174,0.171,0.168,0.172,0.172,0.17,0.172,0.173,0.17,0.147,0.146,0.525,0.605,0.657,0.559,0.564,0.566,0.546,0.548
Lithuania,,,,,,,,,,,,,,,,,0.654,0.65,0.628,0.608,0.609,0.608,0.61,0.606,0.607,0.619,0.621,0.633,0.632,0.637,0.637,0.637,0.64,0.638,0.644,0.666,0.672,0.681,0.671,0.674,0.675,0.635,0.695,0.697
Madagascar,0.365,0.36,0.36,0.351,0.349,0.351,0.347,0.353,0.35,0.349,0.347,0.344,0.389,0.388,0.387,0.404,0.468,0.526,0.545,0.541,0.537,0.568,0.569,0.569,0.566,0.566,0.571,0.572,0.576,0.571,0.576,0.576,0.578,0.574,0.527,0.526,0.52,0.526,0.541,0.567,0.574,0.572,0.605,0.591
Malawi,0.124,0.13,0.124,0.13,0.125,0.129,0.125,0.126,0.127,0.124,0.124,0.126,0.128,0.122,0.124,0.126,0.126,0.158,0.224,0.475,0.619,0.622,0.62,0.621,0.623,0.578,0.577,0.577,0.581,0.599,0.659,0.671,0.666,0.674,0.668,0.649,0.629,0.649,0.653,0.656,0.658,0.653,0.653,0.636
Malaysia,0.332,0.331,0.335,0.33,0.332,0.372,0.341,0.344,0.347,0.349,0.344,0.343,0.346,0.345,0.343,0.344,0.342,0.344,0.344,0.346,0.354,0.353,0.362,0.355,0.355,0.514,0.519,0.515,0.524,0.551,0.555,0.564,0.562,0.591,0.583,0.514,0.516,0.518,0.552,0.553,0.554,0.55,0.516,0.553
Mali,0.448,0.451,0.449,0.447,0.451,0.476,0.488,0.486,0.486,0.488,0.489,0.49,0.488,0.49,0.489,0.55,0.729,0.801,0.8,0.795,0.795,0.796,0.786,0.785,0.789,0.788,0.785,0.778,0.78,0.778,0.776,0.778,0.78,0.779,0.78,0.78,0.78,0.734,0.807,0.791,0.777,0.773,0.716,0.68
Mauritania,0.408,0.406,0.411,0.26,0.263,0.258,0.265,0.256,0.26,0.259,0.257,0.26,0.288,0.291,0.287,0.286,0.289,0.348,0.411,0.409,0.41,0.405,0.407,0.406,0.413,0.522,0.52,0.525,0.526,0.523,0.543,0.564,0.576,0.551,0.548,0.549,0.555,0.546,0.535,0.537,0.537,0.536,0.532,0.535
Mauritius,0.725,0.726,0.725,0.723,0.711,0.74,0.738,0.743,0.737,0.742,0.741,0.737,0.739,0.738,0.739,0.746,0.749,0.749,0.749,0.749,0.749,0.745,0.745,0.747,0.745,0.77,0.768,0.768,0.768,0.77,0.769,0.769,0.769,0.766,0.768,0.756,0.756,0.757,0.7,0.663,0.678,0.681,0.726,0.721
Mexico,0.401,0.398,0.426,0.429,0.429,0.429,0.43,0.427,0.43,0.43,0.462,0.474,0.482,0.475,0.5,0.484,0.477,0.48,0.48,0.498,0.546,0.544,0.58,0.579,0.579,0.664,0.64,0.639,0.643,0.615,0.617,0.619,0.621,0.625,0.629,0.63,0.626,0.624,0.561,0.554,0.562,0.564,0.579,0.574
Moldova,,,,,,,,,,,,,,,,,0.562,0.54,0.529,0.473,0.471,0.475,0.47,0.496,0.567,0.527,0.388,0.383,0.387,0.385,0.421,0.419,0.431,0.426,0.527,0.651,0.653,0.625,0.65,0.636,0.606,0.58,0.573,0.582
Mongolia,0.294,0.291,0.291,0.29,0.289,0.287,0.291,0.29,0.292,0.293,0.292,0.293,0.29,0.294,0.295,0.506,0.575,0.673,0.691,0.688,0.695,0.692,0.687,0.695,0.701,0.719,0.714,0.715,0.712,0.716,0.752,0.756,0.757,0.756,0.76,0.755,0.765,0.746,0.701,0.699,0.702,0.701,0.701,0.642
Morocco,0.299,0.301,0.299,0.299,0.3,0.301,0.301,0.298,0.298,0.302,0.3,0.298,0.301,0.299,0.304,0.416,0.417,0.416,0.418,0.417,0.417,0.414,0.417,0.482,0.479,0.524,0.529,0.527,0.525,0.528,0.598,0.607,0.601,0.628,0.634,0.639,0.687,0.695,0.67,0.695,0.679,0.696,0.632,0.64
Mozambique,0.139,0.224,0.226,0.224,0.226,0.224,0.225,0.224,0.224,0.225,0.224,0.225,0.222,0.222,0.239,0.312,0.41,0.422,0.42,0.452,0.476,0.569,0.564,0.569,0.566,0.595,0.644,0.642,0.64,0.64,0.575,0.579,0.572,0.57,0.567,0.573,0.571,0.571,0.588,0.597,0.592,0.594,0.609,0.601
Myanmar,0.192,0.194,0.198,0.193,0.201,0.196,0.199,0.195,0.196,0.198,0.197,0.198,0.198,0.155,0.202,0.203,0.202,0.2,0.203,0.2,0.202,0.2,0.203,0.203,0.201,0.201,0.204,0.202,0.202,0.202,0.204,0.206,0.205,0.203,0.202,0.306,0.5,0.504,0.544,0.554,0.551,0.535,0.545,0.579
Namibia,,,,,,,,,,,,,,,,0.621,0.62,0.618,0.624,0.619,0.618,0.621,0.618,0.619,0.62,0.611,0.611,0.611,0.61,0.609,0.608,0.613,0.611,0.609,0.611,0.606,0.606,0.604,0.615,0.611,0.619,0.617,0.615,0.585
Nepal,0.344,0.343,0.346,0.361,0.36,0.381,0.382,0.383,0.378,0.385,0.382,0.384,0.382,0.381,0.384,0.565,0.717,0.72,0.72,0.718,0.719,0.722,0.72,0.721,0.717,0.704,0.687,0.686,0.672,0.671,0.664,0.715,0.785,0.756,0.752,0.725,0.727,0.718,0.61,0.637,0.665,0.695,0.701,0.668
Netherlands,0.88,0.878,0.879,0.837,0.841,0.811,0.807,0.807,0.812,0.81,0.806,0.807,0.807,0.812,0.811,0.809,0.812,0.829,0.826,0.826,0.826,0.83,0.828,0.83,0.827,0.826,0.827,0.776,0.78,0.782,0.777,0.777,0.822,0.823,0.827,0.779,0.779,0.846,0.824,0.825,0.819,0.823,0.832,0.818
New Zealand,0.798,0.75,0.754,0.75,0.754,0.754,0.753,0.755,0.756,0.719,0.738,0.739,0.743,0.739,0.735,0.736,0.727,0.726,0.725,0.735,0.738,0.736,0.738,0.737,0.74,0.746,0.748,0.751,0.746,0.748,0.744,0.746,0.747,0.737,0.737,0.733,0.736,0.735,0.744,0.745,0.745,0.757,0.737,0.748
Nicaragua,0.132,0.127,0.134,0.131,0.314,0.594,0.591,0.514,0.49,0.558,0.506,0.516,0.512,0.546,0.611,0.68,0.738,0.702,0.671,0.673,0.673,0.673,0.653,0.653,0.605,0.602,0.608,0.608,0.626,0.626,0.63,0.638,0.585,0.604,0.601,0.554,0.553,0.556,0.46,0.458,0.461,0.409,0.442,0.248
Niger,0.43,0.428,0.427,0.459,0.457,0.458,0.454,0.49,0.489,0.485,0.453,0.458,0.514,0.537,0.504,0.622,0.634,0.739,0.736,0.743,0.742,0.69,0.691,0.684,0.681,0.748,0.752,0.747,0.749,0.747,0.749,0.745,0.746,0.746,0.742,0.828,0.847,0.806,0.91,0.91,0.91,0.911,0.822,0.723
Nigeria,0.467,0.469,0.463,0.465,0.591,0.589,0.594,0.594,0.589,0.446,0.451,0.493,0.512,0.516,0.513,0.516,0.514,0.512,0.51,0.552,0.464,0.466,0.465,0.631,0.687,0.692,0.69,0.69,0.69,0.685,0.688,0.69,0.688,0.687,0.689,0.688,0.687,0.688,0.687,0.691,0.693,0.703,0.694,0.689
North Korea,0.0936,0.0914,0.0932,0.091,0.0931,0.0937,0.0914,0.091,0.0973,0.0917,0.0935,0.092,0.0934,0.0915,0.0903,0.0713,0.0685,0.066,0.0669,0.0641,0.0674,0.0648,0.0632,0.0392,0.0405,0.051,0.0517,0.0533,0.0489,0.0522,0.0499,0.0504,0.0525,0.0508,0.0523,0.0544,0.051,0.0508,0.0369,0.0382,0.034,0.0333,0.0572,0.0517
North Macedonia,,,,,,,,,,,,,,,,,0.326,0.326,0.327,0.326,0.339,0.362,0.365,0.383,0.383,0.398,0.444,0.471,0.483,0.456,0.49,0.504,0.484,0.495,0.495,0.531,0.522,0.541,0.511,0.512,0.514,0.482,0.581,0.567
Norway,0.93,0.928,0.924,0.924,0.923,0.945,0.943,0.943,0.943,0.944,0.944,0.941,0.94,0.943,0.941,0.939,0.941,0.943,0.943,0.941,0.942,0.944,0.941,0.947,0.942,0.942,0.944,0.942,0.941,0.941,0.947,0.941,0.94,0.946,0.944,0.942,0.94,0.944,0.95,0.945,0.95,0.948,0.964,0.949
Oman,0.195,0.218,0.222,0.222,0.248,0.244,0.243,0.247,0.245,0.245,0.241,0.255,0.259,0.256,0.258,0.259,0.292,0.297,0.302,0.306,0.314,0.313,0.303,0.301,0.308,0.303,0.317,0.316,0.316,0.332,0.33,0.33,0.326,0.328,0.322,0.331,0.341,0.353,0.348,0.357,0.355,0.355,0.37,0.371
Pakistan,0.542,0.542,0.515,0.394,0.388,0.38,0.387,0.429,0.433,0.429,0.43,0.457,0.455,0.456,0.541,0.549,0.556,0.555,0.555,0.552,0.554,0.552,0.554,0.556,0.663,0.725,0.727,0.709,0.708,0.71,0.704,0.71,0.726,0.712,0.683,0.667,0.665,0.668,0.696,0.695,0.638,0.642,0.656,0.726
Panama,0.355,0.355,0.356,0.356,0.358,0.354,0.326,0.249,0.248,0.267,0.265,0.249,0.235,0.238,0.236,0.613,0.618,0.614,0.617,0.615,0.601,0.6,0.605,0.604,0.601,0.635,0.637,0.635,0.633,0.635,0.644,0.641,0.63,0.636,0.63,0.616,0.618,0.613,0.607,0.603,0.612,0.61,0.618,0.573
Papua New Guinea,0.512,0.513,0.511,0.559,0.559,0.562,0.563,0.56,0.56,0.562,0.557,0.565,0.572,0.567,0.57,0.57,0.566,0.568,0.571,0.569,0.575,0.572,0.571,0.572,0.571,0.567,0.571,0.57,0.57,0.569,0.57,0.57,0.574,0.569,0.57,0.574,0.572,0.568,0.574,0.576,0.543,0.544,0.544,0.513
Paraguay,0.082,0.0806,0.0805,0.0809,0.0804,0.0803,0.0791,0.0784,0.0826,0.0809,0.0786,0.0803,0.118,0.117,0.223,0.493,0.492,0.495,0.496,0.496,0.49,0.494,0.49,0.495,0.493,0.504,0.506,0.517,0.523,0.518,0.52,0.523,0.518,0.643,0.623,0.614,0.599,0.595,0.516,0.515,0.525,0.536,0.522,0.529
Peru,0.284,0.284,0.316,0.369,0.371,0.506,0.516,0.555,0.553,0.553,0.558,0.56,0.557,0.556,0.556,0.533,0.442,0.379,0.326,0.327,0.327,0.327,0.298,0.298,0.299,0.566,0.713,0.745,0.743,0.726,0.727,0.698,0.679,0.677,0.673,0.674,0.723,0.726,0.679,0.678,0.701,0.676,0.649,0.697
Philippines,0.234,0.237,0.236,0.239,0.235,0.236,0.239,0.236,0.237,0.238,0.232,0.461,0.712,0.711,0.712,0.718,0.712,0.725,0.723,0.725,0.725,0.725,0.72,0.724,0.732,0.735,0.732,0.733,0.733,0.733,0.742,0.74,0.746,0.753,0.754,0.721,0.724,0.723,0.74,0.74,0.791,0.668,0.704,0.689
Poland,0.209,0.206,0.204,0.209,0.209,0.522,0.521,0.184,0.186,0.212,0.217,0.244,0.224,0.262,0.607,0.793,0.791,0.79,0.793,0.79,0.791,0.79,0.791,0.789,0.792,0.787,0.791,0.792,0.792,0.792,0.791,0.794,0.797,0.798,0.797,0.799,0.818,0.764,0.714,0.726,0.676,0.635,0.581,0.584
Portugal,0.707,0.701,0.679,0.635,0.636,0.637,0.633,0.643,0.647,0.642,0.641,0.712,0.694,0.697,0.7,0.697,0.697,0.696,0.697,0.696,0.713,0.708,0.711,0.708,0.707,0.709,0.709,0.703,0.705,0.706,0.738,0.735,0.736,0.735,0.739,0.733,0.73,0.717,0.655,0.698,0.729,0.723,0.707,0.695
Qatar,0.201,0.197,0.196,0.194,0.198,0.198,0.196,0.197,0.195,0.198,0.194,0.196,0.203,0.2,0.196,0.199,0.198,0.196,0.197,0.199,0.199,0.214,0.214,0.215,0.217,0.218,0.268,0.269,0.268,0.268,0.269,0.264,0.269,0.268,0.27,0.304,0.295,0.288,0.271,0.271,0.271,0.228,0.274,0.317
Romania,0.0254,0.0306,0.0285,0.0324,0.0277,0.0278,0.0303,0.03,0.0309,0.0274,0.0302,0.0277,0.0311,0.0299,0.0327,0.523,0.519,0.522,0.52,0.519,0.523,0.555,0.552,0.554,0.553,0.556,0.539,0.538,0.545,0.543,0.601,0.602,0.602,0.615,0.618,0.631,0.626,0.631,0.672,0.672,0.72,0.726,0.525,0.475
Russia,0.0955,0.0939,0.0964,0.0975,0.0953,0.0973,0.0933,0.0931,0.1,0.0942,0.112,0.262,0.316,0.341,0.35,0.415,0.463,0.586,0.589,0.584,0.587,0.587,0.574,0.574,0.553,0.496,0.482,0.462,0.462,0.462,0.387,0.386,0.389,0.399,0.406,0.395,0.406,0.407,0.384,0.349,0.344,0.315,0.343,0.365
Rwanda,0.269,0.269,0.269,0.268,0.269,0.271,0.267,0.269,0.266,0.269,0.27,0.267,0.268,0.268,0.269,0.311,0.405,0.451,0.448,0.351,0.434,0.433,0.433,0.435,0.44,0.46,0.454,0.461,0.458,0.509,0.505,0.511,0.511,0.512,0.511,0.533,0.532,0.53,0.537,0.539,0.543,0.535,0.514,0.507
Saudi Arabia,0.162,0.165,0.163,0.169,0.163,0.21,0.206,0.206,0.205,0.207,0.206,0.206,0.208,0.21,0.203,0.228,0.227,0.229,0.227,0.229,0.226,0.232,0.234,0.229,0.23,0.253,0.256,0.255,0.26,0.253,0.254,0.258,0.26,0.259,0.259,0.26,0.279,0.274,0.272,0.284,0.3,0.305,0.294,0.288
Senegal,0.461,0.462,0.464,0.463,0.464,0.417,0.539,0.652,0.629,0.628,0.633,0.631,0.628,0.629,0.629,0.658,0.678,0.707,0.705,0.702,0.722,0.726,0.722,0.72,0.73,0.769,0.768,0.768,0.774,0.769,0.773,0.774,0.771,0.752,0.754,0.746,0.746,0.8,0.687,0.674,0.678,0.675,0.733,0.719
Serbia,0.208,0.206,0.204,0.205,0.206,0.206,0.302,0.302,0.303,0.302,0.304,0.302,0.306,0.271,0.272,0.314,0.273,0.287,0.289,0.286,0.285,0.29,0.289,0.292,0.286,0.641,0.712,0.712,0.72,0.713,0.689,0.712,0.705,0.707,0.626,0.651,0.651,0.584,0.6,0.599,0.592,0.596,0.606,0.479
Sierra Leone,0.367,0.366,0.363,0.366,0.321,0.319,0.32,0.32,0.32,0.319,0.352,0.368,0.412,0.409,0.412,0.396,0.396,0.41,0.412,0.409,0.425,0.58,0.606,0.616,0.616,0.616,0.612,0.775,0.775,0.773,0.775,0.776,0.778,0.774,0.776,0.777,0.778,0.726,0.762,0.763,0.763,0.764,0.844,0.862
Singapore,0.409,0.411,0.41,0.412,0.411,0.412,0.412,0.411,0.411,0.41,0.473,0.476,0.475,0.471,0.474,0.472,0.475,0.469,0.474,0.473,0.475,0.474,0.473,0.477,0.475,0.486,0.488,0.487,0.489,0.489,0.486,0.485,0.487,0.486,0.486,0.5,0.5,0.501,0.499,0.499,0.5,0.497,0.508,0.512
Slovak Republic,,,,,,,,,,,,,,,,,,,0.574,0.537,0.541,0.539,0.541,0.607,0.72,0.715,0.72,0.658,0.663,0.665,0.662,0.635,0.629,0.63,0.631,0.683,0.688,0.69,0.698,0.696,0.697,0.703,0.705,0.708
Slovenia,,,,,,,,,,,,,,,,,0.684,0.794,0.783,0.772,0.781,0.781,0.795,0.785,0.779,0.812,0.82,0.815,0.823,0.817,0.74,0.75,0.735,0.734,0.823,0.85,0.785,0.73,0.766,0.759,0.756,0.773,0.701,0.721
Somalia,0.133,0.136,0.131,0.129,0.138,0.0968,0.0949,0.0928,0.0955,0.0959,0.0961,0.0975,0.0963,0.0962,0.0923,0.117,0.263,0.343,0.345,0.342,0.342,0.342,0.339,0.343,0.344,0.375,0.37,0.373,0.375,0.37,0.373,0.366,0.373,0.378,0.38,0.389,0.393,0.398,0.48,0.476,0.477,0.523,0.528,0.401
South Africa,0.366,0.365,0.379,0.384,0.385,0.393,0.395,0.396,0.403,0.398,0.397,0.397,0.399,0.4,0.398,0.601,0.602,0.618,0.617,0.748,0.768,0.769,0.77,0.772,0.75,0.745,0.75,0.749,0.747,0.747,0.747,0.747,0.752,0.75,0.75,0.747,0.75,0.753,0.7,0.699,0.701,0.713,0.701,0.704
South Korea,0.173,0.175,0.172,0.175,0.174,0.34,0.222,0.222,0.233,0.246,0.325,0.324,0.423,0.576,0.598,0.594,0.593,0.598,0.68,0.683,0.681,0.681,0.683,0.804,0.8,0.838,0.837,0.839,0.839,0.844,0.84,0.841,0.841,0.708,0.71,0.708,0.706,0.709,0.666,0.665,0.659,0.658,0.783,0.781
South Sudan,,,,,,,,,,,,,,,,,,,,,,,,,,,,,,,,,,,,,0.429,0.412,0.386,0.387,0.371,0.361,0.397,0.315
Spain,0.296,0.442,0.625,0.68,0.675,0.673,0.677,0.701,0.701,0.699,0.697,0.699,0.699,0.698,0.698,0.699,0.699,0.702,0.697,0.696,0.699,0.701,0.696,0.702,0.697,0.702,0.702,0.701,0.701,0.699,0.7,0.703,0.7,0.702,0.701,0.738,0.744,0.723,0.727,0.735,0.729,0.736,0.734,0.726
Sri Lanka,0.465,0.458,0.461,0.482,0.473,0.478,0.481,0.459,0.458,0.456,0.454,0.455,0.458,0.456,0.456,0.454,0.455,0.454,0.459,0.551,0.59,0.589,0.588,0.589,0.587,0.585,0.633,0.641,0.64,0.64,0.435,0.429,0.408,0.402,0.402,0.507,0.495,0.5,0.534,0.529,0.68,0.699,0.707,0.611
Sudan,0.205,0.204,0.202,0.238,0.24,0.25,0.251,0.212,0.212,0.261,0.52,0.534,0.534,0.533,0.228,0.153,0.15,0.15,0.152,0.15,0.15,0.149,0.152,0.152,0.15,0.215,0.368,0.366,0.37,0.366,0.38,0.384,0.381,0.381,0.384,0.385,0.419,0.42,0.416,0.42,0.42,0.433,0.469,0.454
Sweden,0.976,0.972,0.97,0.975,0.975,0.976,0.974,0.975,0.974,0.975,0.972,0.976,0.977,0.975,0.975,0.982,0.888,0.863,0.868,0.859,0.857,0.855,0.851,0.855,0.856,0.857,0.854,0.857,0.856,0.856,0.855,0.852,0.858,0.856,0.852,0.859,0.857,0.851,0.806,0.802,0.852,0.852,0.834,0.833
Switzerland,0.997,0.997,0.993,0.994,0.997,0.994,0.992,0.999,1,0.996,0.997,0.996,0.996,0.994,0.998,0.997,0.996,1,0.997,1,0.996,0.997,0.996,0.995,0.998,0.995,0.998,0.997,0.999,0.997,0.996,0.998,0.996,0.993,0.995,0.996,0.996,0.997,0.998,0.997,0.946,0.942,0.919,0.924
Syria,0.0926,0.0958,0.096,0.0955,0.0985,0.0947,0.0988,0.0952,0.0923,0.0985,0.094,0.0965,0.0945,0.097,0.0981,0.0918,0.0914,0.0972,0.0939,0.0937,0.0965,0.0928,0.092,0.0931,0.0957,0.13,0.133,0.0834,0.137,0.0681,0.0616,0.0629,0.0633,0.103,0.108,0.104,0.162,0.0967,0.113,0.111,0.102,0.14,0.132,0.15
Tajikistan,,,,,,,,,,,,,,,,,0.277,0.313,0.266,0.239,0.254,0.255,0.315,0.306,0.307,0.345,0.328,0.329,0.325,0.326,0.296,0.318,0.303,0.298,0.323,0.305,0.298,0.283,0.213,0.214,0.176,0.187,0.236,0.153
Tanzania,0.363,0.363,0.36,0.362,0.366,0.388,0.392,0.394,0.393,0.393,0.407,0.495,0.496,0.494,0.497,0.513,0.537,0.557,0.563,0.567,0.628,0.625,0.627,0.631,0.628,0.625,0.625,0.625,0.626,0.627,0.634,0.631,0.635,0.633,0.635,0.628,0.629,0.633,0.634,0.634,0.635,0.586,0.598,0.61
Thailand,0.567,0.501,0.261,0.318,0.322,0.492,0.502,0.543,0.539,0.541,0.54,0.54,0.538,0.547,0.544,0.539,0.472,0.574,0.668,0.715,0.714,0.738,0.762,0.739,0.739,0.738,0.74,0.736,0.68,0.698,0.699,0.676,0.674,0.701,0.7,0.711,0.689,0.692,0.644,0.379,0.399,0.429,0.414,0.403
Timor-Leste,,,,,,,,,,,,,,,,,,,,,,,,,,,,0.63,0.659,0.663,0.616,0.618,0.627,0.629,0.624,0.626,0.622,0.614,0.619,0.615,0.622,0.618,0.603,0.646
Togo,0.228,0.231,0.23,0.227,0.227,0.231,0.226,0.229,0.227,0.229,0.223,0.228,0.226,0.227,0.227,0.306,0.436,0.466,0.464,0.462,0.461,0.464,0.462,0.458,0.459,0.463,0.49,0.486,0.488,0.483,0.569,0.624,0.638,0.639,0.639,0.646,0.648,0.644,0.637,0.636,0.636,0.636,0.528,0.459
Trinidad and Tobago,0.574,0.636,0.636,0.654,0.653,0.66,0.651,0.654,0.654,0.649,0.653,0.674,0.719,0.685,0.684,0.737,0.736,0.736,0.736,0.739,0.719,0.72,0.72,0.717,0.719,0.733,0.731,0.73,0.734,0.729,0.731,0.736,0.733,0.733,0.721,0.723,0.723,0.722,0.746,0.743,0.742,0.763,0.762,0.74
Tunisia,0.45,0.452,0.451,0.447,0.438,0.438,0.438,0.438,0.442,0.445,0.44,0.443,0.412,0.395,0.388,0.4,0.4,0.404,0.402,0.399,0.4,0.401,0.403,0.402,0.4,0.384,0.385,0.383,0.389,0.383,0.329,0.335,0.331,0.332,0.331,0.361,0.84,0.882,0.952,0.906,0.867,0.849,0.879,0.877
Turkey,0.677,0.675,0.672,0.673,0.678,0.464,0.163,0.159,0.307,0.426,0.43,0.45,0.453,0.491,0.491,0.523,0.542,0.55,0.555,0.554,0.553,0.57,0.569,0.569,0.582,0.588,0.603,0.657,0.66,0.662,0.662,0.656,0.656,0.638,0.629,0.615,0.54,0.53,0.466,0.46,0.447,0.336,0.334,0.307
Turkmenistan,,,,,,,,,,,,,,,,,0.263,0.234,0.209,0.171,0.167,0.168,0.151,0.152,0.153,0.154,0.152,0.149,0.151,0.156,0.15,0.156,0.148,0.154,0.2,0.2,0.205,0.203,0.124,0.121,0.126,0.121,0.163,0.113
Uganda,0.133,0.128,0.127,0.133,0.135,0.392,0.378,0.375,0.378,0.378,0.382,0.456,0.575,0.582,0.575,0.592,0.649,0.651,0.659,0.664,0.703,0.709,0.668,0.669,0.669,0.67,0.703,0.634,0.633,0.634,0.651,0.646,0.651,0.652,0.653,0.641,0.637,0.63,0.604,0.634,0.62,0.582,0.589,0.622
Ukraine,,,,,,,,,,,,,,,,,0.473,0.522,0.527,0.507,0.504,0.525,0.517,0.52,0.518,0.558,0.561,0.569,0.565,0.61,0.703,0.672,0.681,0.688,0.683,0.585,0.557,0.502,0.588,0.698,0.749,0.709,0.658,0.64
United Arab Emirates,0.279,0.285,0.283,0.309,0.306,0.309,0.307,0.31,0.309,0.31,0.312,0.311,0.311,0.311,0.35,0.349,0.353,0.349,0.352,0.35,0.352,0.351,0.352,0.35,0.348,0.357,0.357,0.357,0.358,0.337,0.345,0.35,0.35,0.368,0.369,0.371,0.369,0.406,0.404,0.423,0.427,0.426,0.423,0.397
United Kingdom,0.759,0.75,0.746,0.746,0.696,0.71,0.716,0.71,0.711,0.71,0.714,0.714,0.713,0.723,0.724,0.77,0.771,0.767,0.77,0.77,0.768,0.767,0.794,0.799,0.798,0.83,0.827,0.833,0.831,0.801,0.802,0.803,0.802,0.799,0.8,0.838,0.838,0.881,0.784,0.785,0.786,0.787,0.808,0.798
United States,0.845,0.883,0.892,0.889,0.888,0.923,0.908,0.903,0.909,0.907,0.908,0.906,0.907,0.904,0.902,0.944,0.95,0.949,0.976,0.974,0.976,0.976,0.974,0.975,0.976,0.974,0.932,0.937,0.941,0.942,0.927,0.921,0.929,0.942,0.962,0.942,0.944,0.94,0.917,0.92,0.918,0.894,0.873,0.837
Uruguay,0.346,0.323,0.321,0.326,0.326,0.373,0.349,0.349,0.348,0.39,0.768,0.796,0.797,0.798,0.797,0.813,0.816,0.814,0.814,0.812,0.815,0.808,0.81,0.815,0.81,0.84,0.839,0.842,0.842,0.845,0.837,0.835,0.832,0.838,0.833,0.879,0.879,0.877,0.844,0.843,0.794,0.803,0.797,0.904
Uzbekistan,,,,,,,,,,,,,,,,,0.311,0.334,0.324,0.313,0.322,0.262,0.259,0.261,0.242,0.19,0.19,0.21,0.204,0.189,0.156,0.13,0.142,0.144,0.135,0.137,0.135,0.147,0.183,0.182,0.182,0.171,0.313,0.393
Venezuela,0.737,0.737,0.745,0.744,0.741,0.739,0.737,0.728,0.743,0.743,0.744,0.742,0.744,0.743,0.665,0.665,0.665,0.719,0.716,0.686,0.689,0.724,0.721,0.701,0.606,0.534,0.53,0.531,0.528,0.522,0.528,0.504,0.507,0.49,0.488,0.477,0.476,0.469,0.375,0.346,0.336,0.315,0.278,0.226
Vietnam,0.412,0.411,0.415,0.415,0.413,0.41,0.408,0.411,0.407,0.414,0.436,0.437,0.6,0.601,0.605,0.563,0.56,0.568,0.564,0.563,0.566,0.564,0.566,0.565,0.566,0.624,0.626,0.613,0.613,0.613,0.612,0.61,0.611,0.612,0.605,0.624,0.625,0.597,0.626,0.625,0.622,0.624,0.594,0.579
Yemen,0.238,0.276,0.276,0.214,0.241,0.243,0.246,0.247,0.245,0.245,0.244,0.245,0.246,0.244,0.245,0.282,0.398,0.397,0.397,0.458,0.418,0.414,0.418,0.417,0.417,0.417,0.414,0.413,0.418,0.418,0.415,0.416,0.414,0.417,0.419,0.369,0.439,0.602,0.584,0.476,0.291,0.233,0.232,0.196
Zambia,0.468,0.472,0.472,0.474,0.472,0.525,0.535,0.536,0.531,0.534,0.525,0.533,0.524,0.548,0.546,0.571,0.693,0.761,0.785,0.794,0.797,0.797,0.795,0.793,0.794,0.8,0.796,0.783,0.783,0.791,0.789,0.803,0.804,0.774,0.773,0.774,0.76,0.743,0.62,0.619,0.637,0.607,0.617,0.652
Zimbabwe,0.278,0.28,0.281,0.281,0.279,0.437,0.469,0.466,0.472,0.465,0.469,0.463,0.465,0.466,0.463,0.464,0.507,0.507,0.508,0.506,0.538,0.54,0.538,0.516,0.515,0.495,0.476,0.476,0.443,0.442,0.438,0.436,0.439,0.437,0.477,0.477,0.484,0.484,0.468,0.452,0.449,0.492,0.545,0.557
