country,1991,1992,1993,1994,1995,1996,1997,1998,1999,2000,2001,2002,2003,2004,2005,2006,2007,2008,2009,2010,2011,2012,2013,2014,2015,2016,2017,2018,2019
Afghanistan,11.2,11.3,11.4,11.5,11.5,11.5,11.5,11.5,11.5,11.5,11.5,11.6,11.6,11.5,11.4,11.2,11,11,11.4,11.5,11.5,11.5,11.5,11.4,11.4,11.3,11.2,11.1,11.1
Albania,16.2,16.3,16.5,16.5,16.5,16.6,16.5,16.5,16.6,16.6,16.6,16.7,16.7,16.6,16.5,16.2,16,13.1,13.7,14.1,13.5,13.4,15.9,17.5,17.1,15.2,13.8,12.3,12.3
Algeria,20.6,24.4,26.2,27.7,31.8,28.6,25.4,26.8,28.4,29.8,27.3,25.9,23.7,17.6,15.3,12.3,13.8,11.3,10.2,9.96,9.96,11,9.82,10.2,11.2,10.2,12,11.9,11.7
Angola,3.71,3.74,3.8,3.82,3.82,3.83,3.82,3.82,3.85,3.84,3.83,3.87,3.88,3.84,3.8,3.71,3.64,3.61,3.78,9.43,7.36,7.38,7.4,7.33,7.28,7.22,7.12,7.02,6.89
Argentina,5.44,6.36,10.1,11.8,18.8,17.1,14.8,12.7,14.1,15,17.3,19.6,15.4,13.5,11.5,10.1,8.47,7.84,8.64,7.71,7.18,7.22,7.1,7.27,7.75,7.98,8.35,9.22,9.79
Armenia,1.6,1.8,5.3,6.6,6.7,9.3,10.8,9.4,11.2,11.1,10.9,10.9,10.8,10.6,10.4,10.1,9.81,13.5,18.4,19,18.4,17.3,16.2,17.5,18.3,17.6,17.7,17.5,17
Australia,9.58,10.7,10.9,9.72,8.47,8.51,8.36,7.68,6.87,6.28,6.74,6.37,5.93,5.39,5.03,4.78,4.38,4.23,5.56,5.21,5.08,5.22,5.66,6.08,6.05,5.71,5.59,5.3,5.27
Austria,3.42,3.59,4.25,3.54,4.35,5.28,5.15,5.52,4.7,4.69,4.01,4.85,4.78,5.83,5.63,5.24,4.86,4.13,5.3,4.82,4.56,4.87,5.33,5.62,5.72,6.01,5.5,4.85,4.67
Azerbaijan,0.9,1.8,4.5,6.3,7.2,8.1,9.1,10,10.9,11.8,10.9,10,9.25,8,7.3,6.62,6.54,6.05,5.74,5.63,5.42,5.19,4.97,4.91,4.96,5,5,4.9,5.51
Bahamas,12.2,14.8,12.7,13.8,10.8,11.5,9.76,7.65,7.45,6.96,6.87,9.05,10.8,10.2,10.2,7.54,7.88,8.18,14.3,14.8,14.5,14,16.2,13.8,12,12.7,9.8,10,10.4
Bahrain,1.05,1.02,1.45,1.33,1.43,1.38,1.25,1.28,1.68,1.47,1.48,1.2,1.23,1.3,0.998,0.825,0.641,0.609,1.08,1.13,1.27,1.2,1.32,1.17,1.13,0.919,0.701,0.65,0.714
Bangladesh,2.2,2.27,2.36,2.41,2.46,2.51,2.68,2.86,3.08,3.27,3.59,3.96,4.32,4.29,4.25,3.59,3.89,4.27,5,3.38,3.71,4.05,4.43,4.39,4.38,4.35,4.37,4.28,4.19
Barbados,21,22.9,24.5,23,19.7,14.7,14.6,12.4,10.6,9.35,9.85,10.3,11,9.57,9.08,8.73,7.41,8.12,10,10.7,11.2,11.6,11.6,12.2,11.3,9.72,9.76,9.38,10.3
Belarus,0.6,3.1,8.5,12.8,17.7,24.4,17.1,14,12.8,12,11.3,10.6,9.93,9.19,8.46,7.69,6.98,6.39,6.1,6.13,6.1,6.08,6.06,5.98,5.91,5.84,5.65,4.76,4.59
Belgium,6.99,6.7,8.08,9.65,9.34,9.48,8.96,9.32,8.65,6.59,6.18,6.91,7.68,7.36,8.44,8.25,7.46,6.98,7.91,8.29,7.14,7.54,8.43,8.52,8.48,7.83,7.09,5.95,5.59
Belize,9.59,9.65,9.78,11.1,12.5,13.8,12.7,14.3,12.8,10.9,9.07,10,10.4,10.7,10.9,9.39,8.51,8.18,8.46,8.48,8.43,8.38,8.35,8.24,7.58,7,6.59,6.51,6.41
Benin,1.48,1.51,1.46,1.36,1.27,1.18,1.08,0.988,0.919,0.83,0.751,0.69,0.734,0.765,0.791,0.796,0.804,0.834,0.967,1.04,2.65,2.66,2.68,2.62,2.58,2.54,2.46,2.39,2.23
Bhutan,1.34,1.36,1.39,1.4,1.4,1.41,1.4,1.4,1.4,1.64,1.9,1.86,1.8,2.49,3.1,3.13,3.7,3.66,3.96,3.32,3.23,2.05,2.87,2.63,2.45,2.42,2.36,2.3,2.34
Bolivia,2.73,2.77,2.86,2.87,2.88,2.89,2.87,2.87,2.91,2.89,2.89,2.94,2.94,2.9,2.84,2.73,2.63,2.6,2.86,2.55,2.22,2.05,2.39,2.01,3.07,3.52,3.67,3.53,3.5
Bosnia and Herzegovina,17.6,18.4,19.4,20.2,21.1,22,22.8,23.7,24.8,25.7,26.6,27.7,28.7,29.6,30.4,31.1,29,23.4,24.1,27.3,27.6,28,27.4,27.5,27.7,25.4,20.5,18.4,18.4
Botswana,13.8,16.1,18.6,21.2,21.4,21.6,21.2,20.9,18.3,15.9,18.5,21.1,23.8,21.8,19.8,17.8,17,16.3,16.2,17.9,17.9,17.9,17.9,17.8,17.7,17.7,17.5,17.4,18.2
Brazil,6.37,6.42,6.03,6.23,6.42,7.25,8.16,9.42,10.2,9.89,9.61,9.37,9.99,9.11,9.57,8.64,8.33,7.34,8.52,7.74,6.92,7.19,6.98,6.66,8.43,11.6,12.8,12.3,12.1
Brunei,4.7,4.98,5.4,5.61,5.7,5.67,5.63,5.72,5.81,5.65,5.75,5.92,5.98,5.84,5.66,5.39,5.15,5.16,6.42,6.74,6.69,6.91,7.13,6.96,7.91,8.71,9.32,8.86,9.12
Bulgaria,13.4,13.5,13.7,13.7,13.7,13.7,13.7,12.2,14.1,16.2,19.9,18.1,13.7,12,10.1,8.95,6.88,5.61,6.82,10.3,11.3,12.3,12.9,11.4,9.14,7.58,6.16,5.21,4.34
Burkina Faso,2.48,2.51,2.57,2.58,2.55,2.52,2.48,2.44,2.52,2.57,2.63,2.72,2.78,3.37,4,3.63,3.3,3.61,4.24,4.72,5.14,5.6,6.09,6.48,6.42,6.34,6.22,6.09,6.26
Burundi,1.74,1.78,1.85,1.86,1.86,1.87,1.86,1.86,1.89,1.88,1.87,1.91,1.92,1.88,1.83,1.74,1.66,1.63,1.76,1.76,1.71,1.68,1.64,1.57,1.55,1.53,1.49,1.45,1.43
Cambodia,0.768,0.787,0.824,0.831,0.834,0.84,0.888,0.941,1.02,1.07,1.13,1.23,1.3,1.33,1.35,1.3,1.26,0.824,0.579,0.771,0.577,0.505,0.438,0.692,0.393,0.716,0.683,0.652,0.677
Cameroon,7.78,7.85,8,8.03,8.04,8.06,7.92,7.79,7.74,7.58,7.46,6.7,5.92,5.14,4.4,3.69,3.06,3.3,3.77,4.11,3.97,3.84,3.71,3.53,3.51,3.47,3.41,3.36,3.38
Canada,10.3,11.2,11.4,10.4,9.49,9.62,9.1,8.28,7.58,6.83,7.22,7.67,7.57,7.18,6.76,6.32,6.04,6.14,8.34,8.06,7.51,7.29,7.07,6.91,6.91,7,6.34,5.83,5.56
Cape Verde,10.4,10.5,10.6,10.6,10.7,10.7,10.7,10.7,10.7,10.7,10.7,10.8,10.8,10.7,10.6,10.4,10.3,10.2,10.6,10.7,10.9,11.2,11.5,11.7,11.9,12.1,12.2,12.2,12.2
Central African Republic,3.77,3.82,3.91,3.93,3.93,3.94,3.93,3.93,3.97,3.95,3.95,4,4.01,3.96,3.9,3.77,3.66,3.63,3.87,3.93,3.93,3.94,3.96,3.9,3.86,3.82,3.74,3.66,3.68
Chad,0.666,0.677,0.7,0.746,0.789,0.838,0.879,0.924,0.989,1.03,1.08,1.16,1.21,1.24,1.26,1.25,1.24,1.27,1.47,1.57,1.63,1.7,1.78,1.8,1.83,1.86,1.85,1.84,1.89
Chile,5.23,4.35,4.49,5.87,4.7,7.41,7.14,7.31,11.2,10.5,10.4,10.2,9.77,10.2,9.34,9.02,8.43,9.29,11.3,8.42,7.34,6.66,6.21,6.67,6.51,6.74,6.96,7.23,7.09
China,2.37,2.37,2.69,2.9,3,3.12,3.23,3.24,3.25,3.26,3.8,4.24,4.58,4.49,4.51,4.43,4.35,4.59,4.72,4.53,4.55,4.57,4.59,4.61,4.63,4.54,4.44,4.28,4.32
Colombia,10.1,9.44,7.8,8.25,8.72,11.8,12.1,15,20.1,20.5,15,15.6,14.2,13.7,11.9,11.5,11.2,11.3,12.1,11,10.1,9.74,9.05,8.57,8.3,8.69,8.87,9.11,9.71
Comoros,4.38,4.42,4.52,4.53,4.54,4.55,4.54,4.54,4.58,4.56,4.56,4.61,4.62,4.57,4.51,4.39,4.29,4.25,4.49,4.55,4.55,4.56,4.58,4.53,4.49,4.45,4.38,4.3,4.34
"Congo, Dem. Rep.",2.75,2.79,2.85,2.86,2.87,2.88,2.87,2.87,2.9,2.89,2.88,2.92,2.92,2.89,2.85,2.96,3.08,3.26,3.69,3.98,4.22,4.49,4.5,4.45,4.41,4.36,4.27,4.19,4.24
"Congo, Rep.",19.5,19.6,19.8,19.8,19.9,19.9,19.9,19.9,20,19.9,19.9,20,20,19.9,19.8,18.6,17.4,16.5,16.1,14,11.9,10,10,9.96,9.91,9.86,9.76,9.67,9.47
Costa Rica,5.37,3.93,3.95,4.04,5.18,6.16,5.68,5.33,5.89,5.08,5.92,6.33,6.56,6.39,6.57,5.74,4.49,4.78,7.71,7.17,10.1,9.78,8.77,9.06,9,8.6,8.14,9.63,11.9
Cote d'Ivoire,6.63,6.7,5.84,4.94,4.1,4.11,4.1,4.1,4.33,4.51,4.71,4.97,5.19,5.36,5.51,5.57,5.65,5.82,6.38,6.71,6.95,7.22,4.25,3.65,3.1,2.6,3.27,3.21,3.32
Croatia,11.1,11,11.1,11,10.5,9.68,9.71,11.4,13.6,16.1,15.8,15.1,13.9,13.7,12.6,11.1,9.91,8.53,9.2,11.6,13.7,15.9,17.3,17.3,16.2,13.1,11.2,8.43,6.94
Cuba,7.94,8.04,8.22,8.26,8.27,7.61,7.1,6.23,6.26,5.45,4.08,3.31,2.33,1.85,1.95,1.91,1.79,1.58,1.67,2.5,3.18,3.46,3.29,2.7,2.4,2,1.7,1.7,1.64
Cyprus,2.08,2.09,2.73,3.09,3.78,4.2,4.56,5.21,5.7,4.97,3.98,3.3,4.13,4.33,5.3,4.54,3.92,3.66,5.36,6.26,7.86,11.8,15.9,16.1,14.9,12.9,11.1,8.37,7.27
Czech Republic,2.27,3.16,4.32,4.3,4.02,3.89,4.27,5.9,8.49,8.76,7.99,7.02,7.54,8.21,7.93,7.15,5.32,4.39,6.66,7.28,6.71,6.98,6.95,6.11,5.05,3.95,2.89,2.24,1.93
Denmark,9.1,9.03,10.7,8.04,6.99,6.84,5.4,5.04,5.14,4.48,4.16,4.27,5.4,5.2,4.83,3.9,3.8,3.43,6.01,7.46,7.57,7.53,7,6.59,6.17,6.18,5.74,4.97,4.91
Djibouti,10.4,10.5,10.6,10.7,10.7,10.7,10.7,10.7,10.7,10.7,10.7,10.8,10.8,10.7,10.6,10.4,10.2,10.2,10.6,10.7,10.7,10.7,10.7,10.6,10.6,10.5,10.4,10.3,10.3
Dominican Republic,6.22,6.27,6.37,6.39,6.4,6.42,6.4,6.4,6.45,6.43,7.26,6.78,6.94,6.3,6.59,5.66,5.16,4.76,5.47,5.21,6.09,6.72,7.35,6.72,7.61,7.28,5.83,5.74,5.84
Ecuador,4.6,4.65,4.75,4.76,4.77,4.78,4.77,4.77,4.82,4.8,4.25,4.96,5.66,5,3.78,3.55,3.14,3.92,4.61,4.09,3.46,3.23,3.08,3.48,3.62,4.6,3.84,3.53,3.97
Egypt,9.38,8.92,10.9,10.9,11,9,8.37,8.03,7.95,8.98,9.26,10,11,10.3,11.2,10.5,8.8,8.52,9.09,8.76,11.8,12.6,13.2,13.1,13.1,12.4,11.7,11.6,10.8
El Salvador,7.53,7.88,9.94,7.68,7.65,7.68,7.98,7.1,6.68,6.96,6.96,5.73,6.26,6.05,7.22,6.57,6.41,5.88,7.33,4.89,4.3,3.84,3.69,4.15,4,4.42,4.38,4.01,4.11
Equatorial Guinea,6.52,6.58,6.7,6.72,6.72,6.74,6.73,6.72,6.78,6.75,6.75,6.82,6.82,6.76,6.68,6.52,6.38,6.33,6.65,6.72,6.73,6.74,6.76,6.69,6.64,6.58,6.48,6.38,6.43
Eritrea,5.23,5.28,5.39,5.41,5.41,5.43,5.41,5.41,5.46,5.44,5.43,5.49,5.5,5.44,5.37,5.23,5.1,5.06,5.34,5.41,5.41,5.43,5.44,5.38,5.34,5.29,5.19,5.1,5.14
Estonia,1.47,3.68,6.54,7.56,9.66,9.91,10.4,9.51,11.6,13.4,13.1,10,11.3,10.2,8.03,5.92,4.59,5.46,13.5,16.7,12.3,10,8.63,7.35,6.19,6.76,5.76,5.37,5.12
Eswatini,21.3,21.4,21.6,21.6,21.6,22.1,22.5,23.1,23.8,24.4,25.1,25.8,26.5,27,27.6,27.9,28.2,27.4,27.4,26.9,26.2,25.6,25,24.2,23.5,22.7,22.5,22.4,22.1
Ethiopia,2.97,3.01,3.09,3.1,3.21,3.34,3.44,3.55,3.71,3.49,3.28,3.13,2.94,2.72,2.5,2.37,2.27,2.21,2.33,2.34,2.3,2.28,2.25,2.22,2.19,2.17,2.12,2.08,2.08
Fiji,3.77,3.81,3.89,3.9,3.91,3.92,3.91,3.91,3.95,3.93,3.93,3.97,3.98,3.94,3.89,3.85,3.83,3.88,4.18,4.32,4.41,4.42,4.45,4.4,4.36,4.32,4.24,4.16,4.1
Finland,6.5,11.6,16.2,16.4,17,15.6,15,13.2,11.7,11.1,10.3,10.4,10.5,10.4,8.38,7.72,6.85,6.37,8.25,8.39,7.78,7.69,8.19,8.66,9.38,8.82,8.64,7.36,6.59
France,9.13,10.2,11.3,12.6,11.8,12.4,12.6,12.1,12,10.2,8.61,8.7,8.31,8.91,8.49,8.45,7.66,7.06,8.74,8.87,8.81,9.4,9.92,10.3,10.4,10.1,9.4,9.06,8.43
Gabon,17.5,17.6,17.8,17.7,17.7,17.6,17.5,17.5,17.5,17.4,17.3,17.3,17.3,17.1,16.9,17.3,17.8,18.3,19.6,20.4,20.4,20.4,20.5,20.3,20.3,20.2,20,19.8,20
Gambia,9.15,9.22,9.35,9.38,9.38,9.4,9.39,9.38,9.45,9.42,9.42,9.49,9.5,9.43,9.35,9.17,9.01,8.96,9.31,9.39,9.4,9.42,9.44,9.37,9.31,9.25,9.14,9.03,9.06
Georgia,2.7,5.4,5.4,8.4,7.6,11.5,11.5,14.5,13.8,10.8,11.2,12.6,11.5,12.6,13.8,13.6,13.3,17.9,20.7,20.2,19.6,19.7,19.4,17.4,16.5,16.6,13.9,13.8,14.4
Germany,5.32,6.32,7.67,8.73,8.16,8.82,9.86,9.79,8.86,7.92,7.77,8.48,9.78,10.7,11.2,10.3,8.66,7.52,7.74,6.97,5.82,5.38,5.23,4.98,4.62,4.12,3.75,3.38,3.04
Ghana,4.66,4.7,5.28,5.83,6.39,6.98,7.58,8.2,10.1,10.4,9.28,8.34,7.38,6.42,5.52,4.63,4.67,4.76,5.13,5.32,5.62,5.94,6.27,6.53,6.81,5.45,4.22,4.16,4.33
Greece,7.66,7.84,8.61,8.86,9.06,9.65,9.58,10.8,11.9,11.2,10.5,9.97,9.41,10.3,9.99,9.01,8.4,7.76,9.62,12.7,17.9,24.4,27.5,26.5,24.9,23.5,21.5,19.3,17.2
Guatemala,2.63,2.66,2.73,2.74,2.75,2.76,2.75,2.75,2.78,2.77,2.77,2.8,2.81,2.97,3.01,3,2.99,3.04,3.35,3.5,3.12,2.77,3.02,2.72,2.51,2.58,2.46,2.4,2.46
Guinea,4.32,4.37,4.45,4.47,4.47,4.49,4.48,4.47,4.52,4.5,4.5,4.55,4.55,4.51,4.45,4.33,4.23,4.2,4.43,4.49,4.49,4.5,4.52,4.47,4.43,4.39,4.32,4.25,4.3
Guinea-Bissau,2.53,2.57,2.65,2.66,2.66,2.67,2.66,2.66,2.7,2.68,2.68,2.72,2.72,2.68,2.63,2.53,2.44,2.41,2.61,2.66,2.66,2.67,2.68,2.63,2.6,2.57,2.5,2.44,2.47
Guyana,11.8,11.9,12,12,12,11.9,11.9,11.8,11.9,11.8,11.8,11.8,11.6,11.4,11.1,10.7,10.7,10.7,11.2,11.5,11.6,11.7,11.9,11.9,12,12.1,12,11.9,11.9
Haiti,7.01,7.05,7.14,7.15,7.16,7.17,7.16,7.16,7.2,8.23,9.34,10.6,11.9,13.1,14.4,15.6,16.8,16,15.9,15.4,14.7,14.1,14.1,14,14,13.9,13.7,13.6,13.8
Honduras,4.58,3.06,3.16,3.2,3.24,4.37,3.32,4.02,3.85,3.92,4,4.02,5.3,5.99,4.91,3.58,3.21,3.16,3.29,4.12,4.47,3.75,4.1,5.49,6.15,6.73,5.53,5.65,5.39
Hungary,9.06,9.94,12.1,10.8,10.2,10,8.99,8.93,6.93,6.56,5.67,5.61,5.79,5.83,7.19,7.49,7.41,7.82,10,11.2,11,11,10.2,7.72,6.81,5.12,4.16,3.71,3.4
Iceland,2.55,4.3,5.26,5.33,5.2,3.6,3.72,3.07,2.18,1.94,1.87,2.99,4,4.03,2.55,2.83,2.25,2.95,7.22,7.56,7.03,6,5.38,4.9,3.98,2.98,2.74,2.7,2.84
India,5.45,5.5,5.61,5.63,5.64,5.65,5.64,5.63,5.69,5.66,5.66,5.72,5.72,5.67,5.6,5.45,5.32,5.28,5.57,5.64,5.64,5.65,5.67,5.61,5.56,5.51,5.42,5.33,5.36
Indonesia,2.54,2.67,3.09,3.49,3.92,4.37,4.68,5.46,6.3,6.08,6.08,6.6,6.66,7.3,7.95,7.55,8.06,7.21,6.11,5.61,5.15,4.47,4.34,4.05,4.51,4.3,4.18,4.51,4.69
Iran,11.1,10.7,10.4,9.95,9.52,9.1,9.64,10.2,10.9,11.5,12.1,12.8,11.6,10.3,12.1,11.2,10.6,10.5,12,13.5,12.4,12.6,10.4,10.6,11.1,12.4,12.1,12,11.4
Iraq,8.79,8.86,8.98,9.01,9.01,9.03,9.02,9.01,9.07,9.05,9.04,9.11,9.12,9.05,8.97,8.8,8.65,8.39,8.5,8.37,8.16,7.96,9.28,10.6,10.7,10.8,13,12.9,12.8
Ireland,15.8,15,15.6,14.6,12,11.7,10.2,7.7,5.8,4.32,3.68,4.21,4.48,4.49,4.34,4.42,4.98,6.77,12.6,14.5,15.4,15.5,13.7,11.9,9.91,8.37,6.71,5.74,4.93
Israel,13.4,14.1,12.7,9.93,8.78,8.46,9.75,10.7,11.2,11.1,11.8,12.9,13.5,13,11.3,10.7,9.38,7.7,9.53,8.48,7.14,6.86,6.21,5.89,5.25,4.8,4.21,4,3.86
Italy,10.1,9.33,10.2,11.1,11.7,11.9,12,12.1,11.7,10.8,9.6,9.21,8.87,7.87,7.73,6.78,6.08,6.72,7.75,8.36,8.36,10.7,12.1,12.7,11.9,11.7,11.2,10.6,9.89
Jamaica,15.7,15.8,16.3,15.3,16.2,16,16.4,15.5,15.7,15.5,14.9,14.2,11.7,11.4,11.3,10.3,9.74,10.3,11.4,12.4,12.7,13.9,15.3,13.7,13.5,13.2,11.6,9.1,8
Japan,2.1,2.2,2.5,2.9,3.2,3.4,3.4,4.1,4.7,4.7,5,5.4,5.3,4.7,4.4,4.1,3.9,4,5.1,5.1,4.52,4.3,4,3.6,3.4,3.1,2.8,2.4,2.29
Jordan,19.4,19.5,19.7,17.1,14.6,13.7,13.7,13.7,13.7,13.7,14.7,15.3,14.5,14.7,14.8,14,13.1,12.7,12.9,12.5,12.9,12.2,12.6,11.9,13.1,15.3,15.1,15,14.7
Kazakhstan,0.9,1,1.11,7.54,11,13,13,13.1,13.5,12.8,10.4,9.33,8.78,8.4,8.13,7.79,7.26,6.63,6.55,5.77,5.39,5.29,5.2,5.06,4.93,4.96,4.9,4.83,4.59
Kenya,2.71,2.75,2.82,2.84,2.84,2.85,2.84,2.84,2.88,2.86,2.86,2.9,2.9,2.87,2.81,2.71,2.63,2.6,2.79,2.84,2.84,2.85,2.87,2.82,2.79,2.76,2.69,2.63,2.64
Kuwait,0.493,0.721,0.8,0.7,0.767,0.7,0.7,0.7,0.7,0.8,0.8,1.1,1.3,1.7,1.57,1.3,1.5,1.75,1.64,1.82,2.22,2.62,2.92,2.9,2.2,2.16,1.8,2.08,2.18
Kyrgyz Republic,1,1.1,3.4,4.7,5.6,7.3,7.5,8.9,8.4,7.54,7.84,12.6,9.92,8.53,8.11,8.27,8.1,8.22,8.41,8.64,8.53,8.43,8.33,8.05,7.56,7.21,6.89,5.96,6.33
Lao,2.45,2.49,2.58,2.59,2.6,2.47,2.32,2.19,2.09,1.95,1.83,1.74,1.63,1.49,1.35,1.15,0.97,0.84,0.804,0.708,0.709,0.712,0.717,0.702,0.692,0.68,0.66,0.641,0.626
Latvia,2.7,6.6,16.7,18.7,19,20.7,15.1,14.5,13.8,14.2,13.8,13.8,12.1,11.7,10,7.03,6.05,7.74,17.5,19.5,16.2,15,11.9,10.8,9.87,9.64,8.71,7.41,6.52
Lebanon,8.39,8.46,8.59,8.61,8.62,8.63,8.62,8.5,8.44,8.3,8.18,8.13,8.02,7.85,8.29,8.63,8.98,7.44,6.36,6.42,6.42,6.43,6.45,6.4,6.36,6.31,6.22,6.14,6.23
Lesotho,37.4,37.6,37.9,37.9,37.9,38,37.9,37,36.2,35.3,34.4,33.6,32.8,31.8,30.8,29.6,28.6,27.7,27.5,26.8,26,25.3,24.6,24.5,24.4,24.3,24.1,24,23.4
Liberia,2.15,2.18,2.24,2.26,2.26,2.27,2.26,2.26,2.29,2.28,2.27,2.31,2.31,2.28,2.24,2.16,2.09,2.07,2.23,2.27,2.24,2.21,2.2,2.13,2.08,3.08,3,2.93,2.81
Libya,18.7,18.8,18.9,19,19,19,19,19,19.1,19,19,19.1,19.1,19,18.9,18.7,18.4,18.4,18.9,19,19,19,19.1,19,18.9,18.8,18.6,18.5,18.6
Lithuania,1.1,1.2,13.8,13.8,17.5,16.4,14.1,13.7,13.4,15.9,16.8,13,12.9,10.7,8.32,5.78,4.25,5.83,13.8,17.8,15.4,13.4,11.8,10.7,9.12,7.86,7.07,6.15,6.35
Luxembourg,1.48,2.03,2.33,3.48,2.92,3.29,2.53,2.76,2.39,2.34,1.81,2.62,3.67,5.11,4.49,4.73,4.07,5.06,5.12,4.36,4.9,5.14,5.85,5.85,6.67,6.29,5.52,5.58,5.36
Madagascar,5.53,5.6,5.73,5.75,5.76,5.78,5.76,5.76,5.83,5.8,5.35,5.21,5.01,3.72,2.62,2.82,3.03,3.3,3.86,4.28,2.02,0.599,0.936,1.33,1.79,1.76,1.73,1.69,1.76
Malawi,5.72,5.77,5.88,5.9,5.9,5.92,5.9,5.9,5.95,5.93,5.93,5.99,5.99,5.94,5.87,5.73,5.61,5.57,5.84,5.91,5.91,5.93,5.95,5.89,5.85,5.79,5.71,5.62,5.65
Malaysia,3.67,3.71,4.11,3.62,3.15,2.52,2.45,3.2,3.43,3,3.53,3.48,3.61,3.54,3.53,3.32,3.23,3.34,3.69,3.25,3.05,3.04,3.11,2.88,3.1,3.44,3.41,3.35,3.32
Maldives,0.758,0.767,0.785,0.789,0.79,0.985,1.2,1.43,1.7,1.97,2.15,2.37,2.58,2.76,2.92,3.04,3.17,3.36,3.83,4.14,4.41,4.7,5,5.21,5.67,6.12,5.98,5.85,6.14
Mali,3.21,3.24,3.29,3.29,3.3,3.31,3.3,3.91,4.61,5.32,6.09,6.98,7.88,8.75,9.78,10.7,11.7,10.2,9.29,8.07,6.9,7.1,7.3,6.38,7.73,7.55,7.33,7.11,7.22
Malta,5.44,6.14,6.32,6.29,6.17,6.37,6.56,6.64,6.72,6.32,7.11,6.9,7.49,7.32,6.92,6.8,6.47,5.98,6.89,6.85,6.38,6.2,6.11,5.72,5.38,4.69,4,3.72,3.47
Mauritania,9.6,9.66,9.8,9.82,9.83,9.85,9.83,9.83,9.89,9.87,9.86,9.94,9.95,9.88,9.79,9.61,9.45,9.39,9.75,9.84,9.85,9.87,9.89,9.81,9.76,9.69,9.58,9.46,9.55
Mauritius,9.35,9.42,9.55,9.58,9.59,9.53,9.43,9.34,9.33,9.22,9.14,8.21,8.3,8.34,9.52,9.04,8.47,7.17,7.26,7.65,7.45,7.47,7.32,7.47,7.41,6.81,6.75,6.66,6.67
Mexico,3.05,3.1,3.21,4.25,6.89,5.25,4.05,3.57,2.49,2.56,2.54,3,3.46,3.94,3.56,3.57,3.63,3.87,5.36,5.3,5.17,4.89,4.91,4.81,4.31,3.86,3.42,3.28,3.42
Moldova,1.9,3.7,3.7,5.8,5.3,7.9,7.9,10,11.1,8.46,7.29,6.8,7.95,8.17,7.29,7.38,5.07,3.98,6.4,7.45,6.68,5.58,5.1,3.86,3.69,4.18,4.1,2.98,5.47
Mongolia,5.93,5.98,6.08,6.11,6.11,6.13,6.12,6.11,6.16,6.14,6.14,6.2,6.8,6.97,7.11,7.15,7.2,5.56,5.86,6.55,4.77,3.91,4.23,4.8,4.86,7.24,6.36,6.25,6.01
Montenegro,29.9,30,30.3,30.4,30.4,30.4,30.4,30.4,30.5,30.5,30.5,30.6,30.6,30.5,30.3,24.5,19.4,17.1,19.1,19.6,19.7,20,19.5,18,17.5,17.7,16.1,15.2,14.9
Morocco,13.5,13.6,13.8,13.8,13.9,13.9,13.9,13.8,13.9,13.6,12.5,11.6,11.9,10.8,11,9.67,9.56,9.57,8.96,9.09,8.91,8.99,9.23,9.7,9.46,9.3,9.19,9.08,9.02
Mozambique,2.59,2.62,2.68,2.69,2.7,2.71,2.7,2.74,2.81,2.84,2.88,2.96,3.01,3.02,3.01,2.95,2.91,2.92,3.16,3.26,3.31,3.36,3.42,3.42,3.43,3.38,3.31,3.24,3.24
Myanmar,0.73,0.745,0.777,0.782,0.784,0.789,0.784,0.783,0.799,0.792,0.791,0.809,0.811,0.794,0.774,0.732,0.698,0.687,0.765,0.785,0.786,0.79,0.796,0.778,0.766,1.14,1.55,1.49,1.58
Namibia,19.1,19.2,19.4,19.4,21,22.7,24.4,23,21.7,20.3,20.7,21.3,21.7,22.1,22,21.7,21.5,21.4,22,22.1,19.3,16.8,19,18.5,20.9,23.4,21.6,19.9,20.3
Nepal,1.72,1.75,1.81,1.82,1.82,1.83,1.82,1.82,1.85,1.8,1.77,1.76,1.73,1.67,1.59,1.48,1.38,1.33,1.48,1.52,1.52,1.52,1.53,1.5,1.48,1.45,1.4,1.35,1.41
Netherlands,7.28,5.55,6.29,7.16,7.16,6.42,5.51,4.39,3.62,2.73,2.12,2.55,3.59,4.65,5.87,5,4.15,3.65,4.35,4.99,4.98,5.82,7.24,7.42,6.87,6.01,4.84,3.83,3.2
New Zealand,10.6,10.7,9.8,8.35,6.46,6.29,6.86,7.72,7.02,6.13,5.43,5.28,4.75,4,3.81,3.86,3.66,4.17,6.12,6.56,6.49,6.93,6.26,5.75,5.37,5.1,4.7,4.3,4.07
Nicaragua,7.26,7.32,7.45,7.47,7.48,7.5,7.49,7.48,7.55,7.52,7.52,7.59,7.6,6.41,5.37,5.31,4.89,6.2,8.16,7.83,6.45,5.21,5.28,4.52,4.7,3.9,3.3,5.2,6.84
Niger,1.36,1.38,1.44,1.45,1.45,1.46,1.46,1.45,1.48,1.47,1.47,1.88,2.29,2.7,3.1,2.3,1.67,1.2,0.909,0.584,0.317,0.384,0.458,0.524,0.515,0.505,0.487,0.471,0.475
Nigeria,3.64,3.67,3.74,3.76,3.76,3.77,3.76,3.76,3.79,3.78,3.78,3.82,3.82,3.79,3.74,3.65,3.56,3.54,3.72,3.77,3.77,3.73,3.7,4.56,4.31,7.06,8.39,8.24,8.1
North Korea,2.81,2.85,2.93,2.95,2.95,2.96,2.95,2.94,2.98,2.97,2.96,3.01,3.01,2.97,2.92,2.81,2.71,2.68,2.89,2.94,2.94,2.95,2.97,2.92,2.89,2.85,2.78,2.71,2.74
North Macedonia,35.5,35.7,35.9,36,36,36,36,34.5,32.4,32.2,30.5,31.9,36.7,37.2,37.3,36,34.9,33.8,32.2,32,31.4,31,29,28,26.1,23.7,22.4,20.7,17.8
Norway,5.41,5.91,5.96,5.35,6.31,5.04,4.69,3.74,3.25,3.46,3.74,4.02,4.22,4.26,4.38,3.4,2.49,2.55,3.1,3.52,3.21,3.12,3.42,3.48,4.3,4.68,4.16,3.8,3.35
Oman,5.07,5.43,5.97,6.03,5.97,5.78,5.71,5.76,5.67,5.4,5.38,5.47,5.53,5.38,4.98,4.57,4.25,4.14,5.22,5.02,4.62,4.53,4.36,3.9,3.63,3.27,3.02,2.86,2.67
Pakistan,0.581,0.593,0.617,0.621,0.622,0.626,0.622,0.621,0.633,0.628,0.627,0.641,0.642,0.63,0.614,0.582,0.398,0.423,0.535,0.653,0.796,1.7,2.95,1.83,3.57,3.79,3.94,4.08,4.45
Palestine,10.4,10.5,10.6,10.6,10.6,10.6,10.6,10.6,10.6,10.6,21.5,27.5,23,23.2,20,19,18.3,22.9,20.5,21.4,17.6,19.2,19.9,20.5,23,23.9,25.7,26.3,26.2
Panama,3.55,3.59,3.68,3.7,3.7,3.72,3.7,3.7,3.75,3.73,3.73,3.78,3.78,3.74,3.68,3.56,3.46,3.43,3.66,3.71,2.31,2.39,2.3,2.72,3,3.31,3.9,3.89,3.9
Papua New Guinea,2.76,2.8,2.88,2.89,2.9,2.91,2.9,2.9,2.94,2.92,2.82,2.76,2.67,2.54,2.41,2.24,2.08,1.98,2.05,2,2.62,2.63,2.64,2.6,2.57,2.54,2.48,2.42,2.46
Paraguay,8.96,9.05,9.21,9.24,9.25,9.28,9.26,9.25,9.34,9.3,9.3,9.39,6.81,6.51,4.83,5.28,4.71,4.42,5.46,4.57,4.67,4.08,4.38,5.03,4.56,5.25,4.62,4.53,4.81
Peru,5.5,5.55,5.67,5.69,5.7,5.72,5.7,5.7,5.76,5.74,5.73,5.8,4.79,4.9,4.86,4.26,4.19,4.06,3.9,3.48,3.44,3.11,3.24,2.96,3,3.54,3.46,3.39,3.31
Philippines,3.53,3.57,3.65,3.67,3.67,3.69,3.68,3.67,3.71,3.7,3.7,3.63,3.53,3.55,3.79,4.05,3.43,3.72,3.86,3.6,3.59,3.5,3.5,3.6,3.07,2.71,2.55,2.34,2.15
Poland,12.1,13.3,14,14.4,13.3,12.4,11,9.94,12.3,16.3,18.4,19.9,19.4,19.1,17.7,13.8,9.6,7.12,8.17,9.64,9.63,10.1,10.3,8.99,7.5,6.16,4.89,3.84,3.47
Portugal,3.92,3.98,5.3,6.71,7.06,7.3,6.57,4.65,4.58,3.81,3.83,4.5,6.13,6.32,7.58,7.65,7.96,7.55,9.43,10.8,12.7,15.5,16.2,13.9,12.4,11.1,8.87,6.99,6.33
Qatar,1.54,2.08,2.97,2.9,2.68,2.45,2.13,2.14,2.15,1.59,1.66,1.77,1.75,1.58,1.13,0.87,0.52,0.31,0.31,0.45,0.56,0.48,0.28,0.2,0.17,0.15,0.14,0.11,0.091
Romania,8.19,8.26,8.27,8.17,8.01,6.74,5.51,5.63,6.24,6.97,6.56,8.11,6.95,7.72,7.17,7.27,6.41,5.79,6.86,6.96,7.18,6.79,7.1,6.8,6.81,5.9,4.93,4.19,3.98
Russia,5.14,5.18,5.88,8.13,9.45,9.66,11.8,13.3,13,10.6,8.98,7.88,8.21,7.76,7.12,7.05,6,6.21,8.3,7.37,6.54,5.44,5.46,5.16,5.57,5.56,5.21,4.85,4.58
Rwanda,0.3,0.347,0.408,0.457,0.506,0.56,0.602,0.648,0.714,0.759,0.812,0.89,0.919,0.924,0.92,0.884,0.856,0.861,1.01,1.07,1.1,1.14,1.18,1.17,1.14,1.11,1.06,1.02,1.03
Samoa,2.1,2.34,2.62,2.88,3.14,3.42,3.7,3.99,4.33,4.63,4.96,5.08,5.16,5.18,5.2,5.14,5.1,5.13,5.46,5.6,5.68,8.75,8.8,8.72,8.66,8.58,8.44,8.31,8.36
Sao Tome and Principe,14.1,14.2,14.3,14.3,14.4,14.4,14.4,14.4,14.4,14.4,15.7,17.6,16.4,16.1,16.5,16.6,15.8,15.2,15.1,14.7,14.1,13.6,13.6,13.5,13.5,13.4,13.3,13.1,13.4
Saudi Arabia,7.3,7.2,7.02,6.96,6.39,5.9,5.35,4.7,4.35,4.57,4.62,5.27,5.56,5.82,6.05,6.25,5.73,5.08,5.38,5.55,5.77,5.52,5.57,5.72,5.59,5.65,5.89,6.04,5.93
Senegal,5.44,5.48,5.56,5.58,5.58,5.59,5.58,5.58,5.62,5.61,5.61,5.65,6.71,7.8,8.94,10,9.85,9.8,10.2,10.3,10.4,9.43,8.54,7.61,6.76,6.71,6.62,6.53,6.6
Serbia,13.2,13.2,13.4,13.4,13.4,13.2,13.8,13.7,13.7,12.6,12.8,13.8,15.2,18.5,20.9,20.9,18.1,13.7,16.1,19.2,23,24,22.2,19.2,17.7,15.3,13.5,12.7,12.7
Sierra Leone,3.27,3.3,3.38,3.39,3.39,3.4,3.39,3.39,3.43,3.41,3.41,3.45,3.46,3.42,3.49,3.51,3.54,3.63,3.97,4.16,4.29,4.44,4.6,4.68,4.64,4.59,4.5,4.42,4.43
Singapore,2.18,3.09,3.07,3.03,3.3,3.57,2.5,3.41,4.85,3.7,3.76,5.65,5.93,5.84,5.59,4.48,3.9,3.96,5.86,4.12,3.89,3.72,3.86,3.74,3.79,4.08,4.2,4.02,4.11
Slovak Republic,10.7,11.6,12.2,13.7,13.1,11.3,11.9,12.2,15.9,19.1,19.4,18.7,17.1,18.6,16.3,13.4,11.1,9.51,12,14.4,13.6,14,14.2,13.2,11.5,9.67,8.13,6.54,5.56
Slovenia,7.08,7.87,8.51,8.24,7.15,6.91,6.65,7.39,7.32,6.92,5.68,5.92,6.48,6.01,6.51,5.95,4.82,4.37,5.86,7.24,8.17,8.84,10.1,9.67,8.96,8,6.56,5.11,4.2
Solomon Islands,1.93,1.97,2.05,2.07,2.07,2.08,2.07,2.07,2.11,2.09,2.09,2.13,2.14,2.1,2.04,1.94,1.85,1.82,2.02,1.66,1.29,0.968,0.694,0.679,0.669,0.658,0.637,0.618,0.576
Somalia,11.5,11.5,11.7,11.7,11.7,11.7,11.7,11.7,11.8,11.8,11.8,11.8,11.8,11.8,11.7,11.5,11.3,11.2,11.6,11.7,11.7,11.7,11.8,11.7,11.6,11.5,11.4,11.3,11.4
South Africa,29.7,29.9,30.1,30.1,30.2,30.2,30.2,30.2,30.3,30.2,30.9,33.5,32.5,29.6,29.3,28.5,26.7,22.4,23.5,24.7,24.7,24.7,24.6,24.9,25.2,26.6,27.1,26.9,28.2
South Korea,2.41,2.51,2.88,2.48,2.06,2.05,2.61,6.96,6.34,4.4,4,3.3,3.6,3.7,3.7,3.5,3.2,3.2,3.6,3.7,3.4,3.2,3.1,3.5,3.6,3.7,3.7,3.85,4.15
South Sudan,12.4,12.5,12.6,12.7,12.7,12.7,12.7,12.7,12.7,12.7,12.7,12.8,12.8,12.7,12.6,12.4,12.2,12.2,12.6,12.7,12.7,12.7,12.7,12.6,12.6,12.5,12.4,12.2,12.2
Spain,15.9,17.7,22.2,24.2,22.7,22.1,20.7,18.7,15.5,13.8,10.3,11.1,11.3,11.1,9.15,8.45,8.23,11.3,17.9,19.9,21.4,24.8,26.1,24.4,22.1,19.6,17.2,15.3,14
Sri Lanka,14.7,14.2,13.8,13,12.3,11.3,10.6,9.17,8.88,7.74,7.9,8.76,8.22,8.38,7.67,6.5,5.97,5.22,5.85,4.78,4.12,3.88,4.24,4.19,4.52,4.24,4.18,4.12,4.2
St. Lucia,16.6,16.6,16.8,17,15.8,16.3,20.5,21.6,18.1,16.5,18.3,20.4,22.2,21,18.7,16,14,12.7,15.4,17.1,18.9,19.1,22.2,23.1,24.1,21.3,21.1,20.9,20.7
St. Vincent and the Grenadines,19.8,20,20.2,20.4,20.5,20.6,20.7,20.8,21,21,21.1,21,20.7,20.4,20.1,19.6,19.1,18.8,19.3,19.4,19.4,19.5,19.5,19.4,19.3,19.2,19,18.9,18.9
Sudan,15.1,15.2,15.3,15.4,15.4,15.4,15.4,15.4,15.5,15.4,15.4,15.5,15.5,15.4,15.3,15.1,14.9,14.8,13,15.2,17.4,17.5,17.5,17.4,17.3,17.2,17.1,16.9,16.5
Suriname,17.2,17.3,15.6,12.7,8.39,10.9,10.6,10.6,13.6,12.7,11.8,11.1,10.3,9.49,9.28,8.97,8.7,8.52,8.72,7.15,7.54,8.1,6.6,6.94,7.22,7.17,7.08,6.99,7.33
Sweden,3.24,5.72,9.33,9.58,8.9,9.55,10.4,8.94,7.61,5.47,4.73,4.96,5.55,6.69,7.49,7.07,6.16,6.24,8.35,8.61,7.8,7.98,8.05,7.95,7.43,6.99,6.72,6.35,6.48
Switzerland,1.78,2.81,3.72,3.88,3.33,3.71,4.2,3.6,3.15,2.67,2.49,2.92,4.12,4.32,4.44,4,3.65,3.35,4.12,4.81,4.41,4.49,4.75,4.83,4.8,4.92,4.8,4.71,4.58
Syria,6.75,7.05,7.4,7.5,7.2,7.3,7.38,7.46,7.6,9.5,11.6,11,10.3,9.59,8.91,8.17,8.42,10.9,8.14,8.61,8.61,8.63,8.65,8.58,8.53,8.47,8.36,8.26,8.37
Tajikistan,1.9,2.1,6.2,8.8,10.3,13.4,13.9,16.5,15.4,15,14.6,14.3,13.9,13.5,13,12.4,11.8,11.4,11.5,11.6,11.6,11.6,11.7,11.6,11.5,11.4,11.3,11.1,11
Tanzania,3.6,3.57,3.58,3.51,3.44,3.37,3.28,3.2,3.16,3.07,2.99,3.13,3.23,3.29,3.33,3.3,2.9,2.6,2.5,2.99,3.47,3.19,2.93,2.13,2.1,2.08,2.03,1.99,1.98
Thailand,2.63,1.35,1.49,1.35,1.1,1.07,0.873,3.4,2.97,2.39,2.6,1.82,1.54,1.51,1.35,1.22,1.18,1.18,0.936,0.622,0.66,0.58,0.489,0.576,0.597,0.688,0.83,0.766,0.754
Timor-Leste,3.17,3.21,3.28,3.29,3.29,3.3,3.29,3.29,3.33,3.31,3.31,3.35,3.35,3.32,3.27,3.18,3.1,3.07,3.26,3.3,3.53,3.78,4.04,4.23,4.45,4.66,4.57,4.48,4.55
Togo,4.22,4.28,4.4,4.42,4.43,4.45,4.43,4.42,4.49,4.46,4.46,4.52,4.53,4.47,4.39,4.23,3.57,3.05,2.8,2.39,1.98,2.05,2.13,2.16,2.2,2.17,2.13,2.08,2.04
Tonga,1.25,1.26,1.3,1.57,1.86,2.19,2.52,2.88,3.31,3.71,4.14,4.68,5.18,3.48,2.13,1.09,1.05,1.04,1.13,1.15,1.15,1.16,1.16,1.14,1.13,1.11,1.08,1.05,1.12
Trinidad and Tobago,3.17,3.53,3.87,3.8,3.79,3.73,3.63,3.53,3.72,3.57,3.6,3.76,3.66,3.4,3.12,2.73,2.43,2.4,3.55,3.77,3.25,3.45,2.46,2.22,2.21,2.97,2.71,2.5,2.69
Tunisia,15.6,15.7,15.9,15.9,15.9,16,15.9,15.5,15.2,14.9,14.4,14.6,14.5,14.2,12.9,12.5,12.4,12.4,13.3,13,18.3,17.6,15.9,15.1,15.2,15.5,15.4,15.5,16
Turkey,8.21,8.51,8.96,8.58,7.64,6.63,6.84,6.89,7.69,6.5,8.38,10.4,10.5,10.8,10.6,8.72,8.87,9.71,12.6,10.7,8.8,8.15,8.73,9.88,10.2,10.8,10.8,10.9,13.5
Turkmenistan,1.4,1.5,1.5,4.7,8.3,10.3,11,12.2,12.7,11.7,10.7,9.91,9.05,8.14,7.27,6.38,5.57,4.91,4.53,4,4,4.01,4.02,3.98,3.95,3.92,3.86,3.8,3.91
Uganda,0.94,0.92,1.12,1.32,1.53,1.77,2,2.25,2.56,2.83,3.13,3.5,3.6,2.68,1.9,2.19,2.5,2.89,3.6,3.62,3.58,3.55,1.91,1.88,1.86,1.83,1.79,1.75,1.84
Ukraine,1.9,1.9,2,2,5.62,7.65,8.93,11.3,11.9,11.7,11.1,10.1,9.06,8.59,7.18,6.81,6.35,6.36,8.84,8.1,7.85,7.53,7.17,9.27,9.14,9.35,9.51,8.8,8.88
United Arab Emirates,1.58,1.64,1.92,1.82,1.8,2,2.03,2.09,2.24,2.25,2.41,2.71,2.99,3.18,3.12,2.7,2.08,1.96,2.33,2.53,2.5,2.51,2.58,2.21,1.91,1.64,2.46,2.23,2.35
United Kingdom,8.55,9.78,10.3,9.65,8.69,8.19,7.07,6.2,6.04,5.56,4.7,5.04,4.81,4.59,4.75,5.35,5.26,5.62,7.54,7.79,8.04,7.88,7.53,6.11,5.3,4.81,4.33,4,3.85
United States,6.8,7.5,6.9,6.12,5.65,5.45,5,4.51,4.22,3.99,4.73,5.78,5.99,5.53,5.08,4.62,4.62,5.78,9.25,9.63,8.95,8.07,7.38,6.17,5.28,4.87,4.36,3.9,3.68
Uruguay,8.87,9.18,9.65,9.75,9.68,9.68,9.56,9.36,10.5,12.6,15.1,16.6,16.7,13,12,10.8,9.4,8.03,7.74,7.16,6.31,6.45,6.44,6.55,7.49,7.84,7.89,8.34,8.73
Uzbekistan,1.9,2.9,4.9,7.3,7.8,10.7,10.9,13.3,13.3,12.1,10.9,9.94,8.92,7.87,6.88,5.88,4.99,4.89,5.04,5.36,4.96,4.87,4.86,5.09,5.15,5.16,5.83,5.74,5.92
Vanuatu,4.46,4.5,4.6,4.61,4.62,4.63,4.62,4.62,4.66,4.64,4.64,4.69,4.7,4.65,4.59,4.46,4.36,4.32,4.56,4.63,4.63,4.64,4.66,4.6,4.57,4.52,4.44,4.37,4.38
Venezuela,9.45,7.69,6.6,8.56,10.2,11.8,11.2,11.2,14.5,14,13,16.2,16.8,15.1,10.7,8.61,7.28,6.25,6.1,7.11,6.9,6.6,7.54,7.48,7.44,7.39,7.3,7.22,8.8
Vietnam,1.83,1.85,1.91,1.92,1.92,1.93,2.87,2.29,2.33,2.26,2.76,2.12,2.25,2.14,2.14,2.08,2.03,1.79,1.74,1.11,1.88,1.68,1.98,1.87,2.13,2.08,2.05,1.99,2.01
Yemen,8.16,8.21,8.32,8.34,8.92,9.53,10.1,10.7,11.5,11.6,11.7,11.9,12.1,12.1,12.2,12.1,12,12.1,12.7,12.9,13.1,13.2,13.4,13.5,13.4,13.3,13.2,13,12.9
Zambia,18.9,19.2,19.7,18.2,16.7,15.3,13.6,12,12.5,12.9,13.5,14.2,14.8,15.4,15.9,12.9,10.2,7.93,10.5,13.2,10.3,7.85,8.62,9.34,10.1,10.9,11.6,11.5,11.4
Zimbabwe,4.81,4.86,4.94,4.96,5.58,6.25,6.93,6.43,6,5.64,5.31,5.04,4.73,4.39,4.47,4.5,4.53,4.63,5.01,5.22,5.37,5.38,5.4,5.34,5.3,5.25,5.17,5.09,4.95
